account_id,customer_id,account_type,currency,current_balance,status,opened_at
ACC-0001,CUST-0600,CREDIT_CARD,INR,110261.53,ACTIVE,2024-05-28 00:00:00
ACC-0002,CUST-0095,CREDIT_CARD,INR,142919.58,ACTIVE,2025-03-23 00:00:00
ACC-0003,CUST-0350,CURRENT,INR,415908.98,ACTIVE,2025-10-22 00:00:00
ACC-0004,CUST-0984,CURRENT,INR,107227.49,ACTIVE,2024-04-06 00:00:00
ACC-0005,CUST-0758,CURRENT,INR,260038.65,ACTIVE,2025-09-20 00:00:00
ACC-0006,CUST-0501,LOAN,INR,153619.22,ACTIVE,2024-12-05 00:00:00
ACC-0007,CUST-0384,SAVINGS,INR,418214.96,ACTIVE,2025-11-05 00:00:00
ACC-0008,CUST-0184,CURRENT,INR,74267.72,ACTIVE,2024-12-01 00:00:00
ACC-0009,CUST-0294,SAVINGS,INR,231412.72,ACTIVE,2024-06-28 00:00:00
ACC-0010,CUST-0217,SAVINGS,INR,131030.32,ACTIVE,2025-02-11 00:00:00
ACC-0011,CUST-0782,CREDIT_CARD,INR,84599.45,ACTIVE,2024-09-15 00:00:00
ACC-0012,CUST-0041,CURRENT,INR,174481.3,ACTIVE,2026-04-20 00:00:00
ACC-0013,CUST-0782,CREDIT_CARD,INR,167108.1,ACTIVE,2025-07-28 00:00:00
ACC-0014,CUST-0453,SAVINGS,INR,391108.09,ACTIVE,2025-06-23 00:00:00
ACC-0015,CUST-0366,CREDIT_CARD,INR,126306.4,ACTIVE,2024-10-28 00:00:00
ACC-0016,CUST-0641,CURRENT,INR,302566.79,ACTIVE,2026-04-04 00:00:00
ACC-0017,CUST-0521,CREDIT_CARD,INR,54165.5,ACTIVE,2025-02-12 00:00:00
ACC-0018,CUST-0320,CREDIT_CARD,INR,39822.75,ACTIVE,2025-09-26 00:00:00
ACC-0019,CUST-0959,CURRENT,INR,11260.37,ACTIVE,2025-02-18 00:00:00
ACC-0020,CUST-0383,CURRENT,INR,197208.79,ACTIVE,2025-03-26 00:00:00
ACC-0021,CUST-0051,CREDIT_CARD,INR,266425.94,ACTIVE,2024-09-29 00:00:00
ACC-0022,CUST-0715,LOAN,INR,445656.05,ACTIVE,2026-01-30 00:00:00
ACC-0023,CUST-0492,CREDIT_CARD,INR,23899.94,ACTIVE,2025-08-03 00:00:00
ACC-0024,CUST-0919,SAVINGS,INR,310336.41,ACTIVE,2025-07-16 00:00:00
ACC-0025,CUST-0389,SAVINGS,INR,461420.06,ACTIVE,2025-04-19 00:00:00
ACC-0026,CUST-0285,CURRENT,INR,211383.41,ACTIVE,2026-02-05 00:00:00
ACC-0027,CUST-0723,LOAN,INR,100802.01,ACTIVE,2025-08-29 00:00:00
ACC-0028,CUST-0110,LOAN,INR,376532.77,ACTIVE,2024-03-25 00:00:00
ACC-0029,CUST-0452,CREDIT_CARD,INR,290325.8,ACTIVE,2025-12-30 00:00:00
ACC-0030,CUST-0958,CREDIT_CARD,INR,31055.19,ACTIVE,2025-02-16 00:00:00
ACC-0031,CUST-0032,CURRENT,INR,47456.34,ACTIVE,2025-09-20 00:00:00
ACC-0032,CUST-0217,SAVINGS,INR,36689.05,ACTIVE,2025-08-08 00:00:00
ACC-0033,CUST-0361,CREDIT_CARD,INR,313068.17,ACTIVE,2025-06-25 00:00:00
ACC-0034,CUST-0772,CREDIT_CARD,INR,364474.56,ACTIVE,2024-03-23 00:00:00
ACC-0035,CUST-0616,LOAN,INR,54158.7,ACTIVE,2026-02-21 00:00:00
ACC-0036,CUST-0446,CREDIT_CARD,INR,225543.42,ACTIVE,2025-10-03 00:00:00
ACC-0037,CUST-0227,SAVINGS,INR,402787.46,ACTIVE,2025-03-22 00:00:00
ACC-0038,CUST-0627,CREDIT_CARD,INR,105600.78,ACTIVE,2024-09-02 00:00:00
ACC-0039,CUST-0719,CREDIT_CARD,INR,132642.6,ACTIVE,2025-04-08 00:00:00
ACC-0040,CUST-0343,CURRENT,INR,245059.87,ACTIVE,2025-05-28 00:00:00
ACC-0041,CUST-0012,SAVINGS,INR,412555.87,ACTIVE,2025-04-06 00:00:00
ACC-0042,CUST-0158,SAVINGS,INR,495534.16,ACTIVE,2025-10-04 00:00:00
ACC-0043,CUST-0580,SAVINGS,INR,158601.12,ACTIVE,2025-12-19 00:00:00
ACC-0044,CUST-0851,CURRENT,INR,81937.99,ACTIVE,2025-05-14 00:00:00
ACC-0045,CUST-0867,SAVINGS,INR,40065.93,ACTIVE,2025-01-07 00:00:00
ACC-0046,CUST-0532,CURRENT,INR,329628.01,ACTIVE,2025-04-04 00:00:00
ACC-0047,CUST-0660,CURRENT,INR,480366.76,ACTIVE,2024-05-08 00:00:00
ACC-0048,CUST-0968,LOAN,INR,280849.55,ACTIVE,2025-01-23 00:00:00
ACC-0049,CUST-0947,LOAN,INR,375216.24,ACTIVE,2024-10-25 00:00:00
ACC-0050,CUST-0799,SAVINGS,INR,238124.75,ACTIVE,2025-03-19 00:00:00
ACC-0051,CUST-0746,SAVINGS,INR,127224.59,ACTIVE,2025-06-20 00:00:00
ACC-0052,CUST-0163,SAVINGS,INR,251610.73,ACTIVE,2025-02-08 00:00:00
ACC-0053,CUST-0948,CREDIT_CARD,INR,66222.29,ACTIVE,2025-04-12 00:00:00
ACC-0054,CUST-0359,CREDIT_CARD,INR,250738.59,ACTIVE,2024-11-29 00:00:00
ACC-0055,CUST-0357,CREDIT_CARD,INR,241591.68,ACTIVE,2024-06-07 00:00:00
ACC-0056,CUST-0448,LOAN,INR,222157.93,ACTIVE,2025-09-06 00:00:00
ACC-0057,CUST-0286,CREDIT_CARD,INR,255580.16,ACTIVE,2025-12-29 00:00:00
ACC-0058,CUST-0028,CURRENT,INR,374319.68,ACTIVE,2024-09-26 00:00:00
ACC-0059,CUST-0807,CURRENT,INR,177771.87,ACTIVE,2024-06-14 00:00:00
ACC-0060,CUST-0737,SAVINGS,INR,325644.01,ACTIVE,2024-07-12 00:00:00
ACC-0061,CUST-0955,LOAN,INR,119863.67,ACTIVE,2025-04-14 00:00:00
ACC-0062,CUST-0908,CREDIT_CARD,INR,146116.26,ACTIVE,2025-08-15 00:00:00
ACC-0063,CUST-0288,CURRENT,INR,105368.46,ACTIVE,2025-11-05 00:00:00
ACC-0064,CUST-0593,CREDIT_CARD,INR,361446.39,ACTIVE,2024-04-18 00:00:00
ACC-0065,CUST-0029,CURRENT,INR,30609.43,ACTIVE,2024-09-08 00:00:00
ACC-0066,CUST-0934,CREDIT_CARD,INR,428011.91,ACTIVE,2024-12-11 00:00:00
ACC-0067,CUST-0249,CREDIT_CARD,INR,463872.81,ACTIVE,2024-07-07 00:00:00
ACC-0068,CUST-0676,CURRENT,INR,12199.61,ACTIVE,2025-01-04 00:00:00
ACC-0069,CUST-0127,SAVINGS,INR,36474.69,ACTIVE,2025-09-23 00:00:00
ACC-0070,CUST-0398,CURRENT,INR,246892.65,ACTIVE,2025-10-09 00:00:00
ACC-0071,CUST-0795,SAVINGS,INR,351665.7,ACTIVE,2025-06-20 00:00:00
ACC-0072,CUST-0389,SAVINGS,INR,374342.65,ACTIVE,2024-05-14 00:00:00
ACC-0073,CUST-0541,LOAN,INR,211389.9,ACTIVE,2025-06-20 00:00:00
ACC-0074,CUST-0086,CREDIT_CARD,INR,177864.42,ACTIVE,2025-10-12 00:00:00
ACC-0075,CUST-0763,LOAN,INR,398163.87,ACTIVE,2024-04-04 00:00:00
ACC-0076,CUST-0205,CREDIT_CARD,INR,158026.57,ACTIVE,2025-10-26 00:00:00
ACC-0077,CUST-0447,CREDIT_CARD,INR,22860.6,ACTIVE,2024-11-04 00:00:00
ACC-0078,CUST-0944,LOAN,INR,89545.89,ACTIVE,2026-01-14 00:00:00
ACC-0079,CUST-0679,CREDIT_CARD,INR,397669.83,ACTIVE,2025-01-05 00:00:00
ACC-0080,CUST-0971,LOAN,INR,365826.46,ACTIVE,2024-03-24 00:00:00
ACC-0081,CUST-0144,LOAN,INR,338942.9,ACTIVE,2025-06-29 00:00:00
ACC-0082,CUST-0403,CURRENT,INR,75907.95,ACTIVE,2026-01-05 00:00:00
ACC-0083,CUST-0036,CURRENT,INR,446718.82,ACTIVE,2024-08-17 00:00:00
ACC-0084,CUST-0799,CREDIT_CARD,INR,484672.06,ACTIVE,2024-10-29 00:00:00
ACC-0085,CUST-0986,CREDIT_CARD,INR,48092.32,ACTIVE,2024-11-18 00:00:00
ACC-0086,CUST-0550,CURRENT,INR,276192.06,ACTIVE,2025-11-30 00:00:00
ACC-0087,CUST-0958,CREDIT_CARD,INR,394697.5,ACTIVE,2025-08-18 00:00:00
ACC-0088,CUST-0884,CURRENT,INR,339951.75,ACTIVE,2025-06-15 00:00:00
ACC-0089,CUST-0301,SAVINGS,INR,154638.66,ACTIVE,2024-06-20 00:00:00
ACC-0090,CUST-0383,CURRENT,INR,169181.49,ACTIVE,2024-12-02 00:00:00
ACC-0091,CUST-0207,CURRENT,INR,129387.68,ACTIVE,2025-09-04 00:00:00
ACC-0092,CUST-0847,LOAN,INR,115145.82,ACTIVE,2024-10-10 00:00:00
ACC-0093,CUST-0713,CREDIT_CARD,INR,377130.19,ACTIVE,2025-01-03 00:00:00
ACC-0094,CUST-0807,LOAN,INR,328555.58,ACTIVE,2024-07-27 00:00:00
ACC-0095,CUST-0551,CREDIT_CARD,INR,86681.16,ACTIVE,2024-09-03 00:00:00
ACC-0096,CUST-0068,CREDIT_CARD,INR,379147.81,ACTIVE,2024-11-14 00:00:00
ACC-0097,CUST-0707,SAVINGS,INR,361623.26,ACTIVE,2026-02-25 00:00:00
ACC-0098,CUST-0985,SAVINGS,INR,484710.87,ACTIVE,2025-03-22 00:00:00
ACC-0099,CUST-0230,LOAN,INR,483463.5,ACTIVE,2024-12-14 00:00:00
ACC-0100,CUST-0120,SAVINGS,INR,234639.31,ACTIVE,2024-08-03 00:00:00
ACC-0101,CUST-0725,CREDIT_CARD,INR,76878.11,ACTIVE,2025-04-01 00:00:00
ACC-0102,CUST-0836,CREDIT_CARD,INR,456759.38,ACTIVE,2025-09-14 00:00:00
ACC-0103,CUST-0196,CREDIT_CARD,INR,494780.64,ACTIVE,2025-05-13 00:00:00
ACC-0104,CUST-0380,LOAN,INR,96145.76,ACTIVE,2025-01-14 00:00:00
ACC-0105,CUST-0960,CURRENT,INR,423960.3,ACTIVE,2025-10-14 00:00:00
ACC-0106,CUST-0453,CREDIT_CARD,INR,163409.82,ACTIVE,2024-08-14 00:00:00
ACC-0107,CUST-0140,LOAN,INR,32381.7,ACTIVE,2024-08-13 00:00:00
ACC-0108,CUST-0898,CURRENT,INR,415545.16,ACTIVE,2025-05-20 00:00:00
ACC-0109,CUST-0567,CURRENT,INR,275013.85,ACTIVE,2025-05-27 00:00:00
ACC-0110,CUST-0119,CREDIT_CARD,INR,111883.34,ACTIVE,2024-11-02 00:00:00
ACC-0111,CUST-0668,CURRENT,INR,258546.4,ACTIVE,2025-08-02 00:00:00
ACC-0112,CUST-0703,LOAN,INR,158037.12,ACTIVE,2025-11-15 00:00:00
ACC-0113,CUST-0939,CREDIT_CARD,INR,95818.62,ACTIVE,2024-10-31 00:00:00
ACC-0114,CUST-0927,LOAN,INR,118078.71,ACTIVE,2025-08-22 00:00:00
ACC-0115,CUST-0572,CURRENT,INR,219351.74,ACTIVE,2025-11-09 00:00:00
ACC-0116,CUST-0860,SAVINGS,INR,429859.52,ACTIVE,2025-12-07 00:00:00
ACC-0117,CUST-0627,CURRENT,INR,485675.06,ACTIVE,2026-03-28 00:00:00
ACC-0118,CUST-0037,CURRENT,INR,306533.35,ACTIVE,2024-12-25 00:00:00
ACC-0119,CUST-0572,SAVINGS,INR,163790.61,ACTIVE,2024-12-27 00:00:00
ACC-0120,CUST-0538,CREDIT_CARD,INR,31965.34,ACTIVE,2025-07-06 00:00:00
ACC-0121,CUST-0171,SAVINGS,INR,413796.68,ACTIVE,2025-10-20 00:00:00
ACC-0122,CUST-0480,LOAN,INR,252664.0,ACTIVE,2024-09-09 00:00:00
ACC-0123,CUST-0879,LOAN,INR,127760.94,ACTIVE,2024-05-24 00:00:00
ACC-0124,CUST-0147,LOAN,INR,37131.52,ACTIVE,2026-04-08 00:00:00
ACC-0125,CUST-0804,SAVINGS,INR,332058.95,ACTIVE,2024-06-28 00:00:00
ACC-0126,CUST-0462,SAVINGS,INR,398483.96,ACTIVE,2024-10-22 00:00:00
ACC-0127,CUST-0299,LOAN,INR,260809.96,ACTIVE,2025-10-16 00:00:00
ACC-0128,CUST-0928,CREDIT_CARD,INR,332143.62,ACTIVE,2026-03-17 00:00:00
ACC-0129,CUST-0319,SAVINGS,INR,338608.76,ACTIVE,2026-02-22 00:00:00
ACC-0130,CUST-0987,LOAN,INR,76578.22,ACTIVE,2025-12-21 00:00:00
ACC-0131,CUST-0265,SAVINGS,INR,212019.25,ACTIVE,2024-10-27 00:00:00
ACC-0132,CUST-0432,CURRENT,INR,361037.69,ACTIVE,2025-09-08 00:00:00
ACC-0133,CUST-0505,CREDIT_CARD,INR,362482.05,ACTIVE,2025-08-08 00:00:00
ACC-0134,CUST-0342,CURRENT,INR,279394.88,ACTIVE,2026-04-20 00:00:00
ACC-0135,CUST-0374,SAVINGS,INR,100774.54,ACTIVE,2026-02-12 00:00:00
ACC-0136,CUST-0504,SAVINGS,INR,127284.96,ACTIVE,2026-02-25 00:00:00
ACC-0137,CUST-0223,LOAN,INR,429142.95,ACTIVE,2025-12-03 00:00:00
ACC-0138,CUST-0302,CURRENT,INR,73655.45,ACTIVE,2024-08-01 00:00:00
ACC-0139,CUST-0398,SAVINGS,INR,98803.48,ACTIVE,2024-10-06 00:00:00
ACC-0140,CUST-0702,CREDIT_CARD,INR,223325.18,ACTIVE,2025-09-18 00:00:00
ACC-0141,CUST-0199,LOAN,INR,186881.32,ACTIVE,2025-04-29 00:00:00
ACC-0142,CUST-0863,LOAN,INR,271861.51,ACTIVE,2024-09-17 00:00:00
ACC-0143,CUST-0486,SAVINGS,INR,78498.55,ACTIVE,2025-06-14 00:00:00
ACC-0144,CUST-0672,CURRENT,INR,140372.77,ACTIVE,2026-02-03 00:00:00
ACC-0145,CUST-0211,CURRENT,INR,380610.24,ACTIVE,2025-07-30 00:00:00
ACC-0146,CUST-0520,CURRENT,INR,411882.35,ACTIVE,2025-06-29 00:00:00
ACC-0147,CUST-0975,SAVINGS,INR,317735.29,ACTIVE,2024-11-16 00:00:00
ACC-0148,CUST-0925,CURRENT,INR,151376.1,ACTIVE,2025-12-19 00:00:00
ACC-0149,CUST-0316,SAVINGS,INR,175270.77,ACTIVE,2025-07-27 00:00:00
ACC-0150,CUST-0441,CURRENT,INR,223498.23,ACTIVE,2024-05-31 00:00:00
ACC-0151,CUST-0184,CREDIT_CARD,INR,182462.99,ACTIVE,2026-03-24 00:00:00
ACC-0152,CUST-0384,CURRENT,INR,224144.32,ACTIVE,2024-12-24 00:00:00
ACC-0153,CUST-0872,CREDIT_CARD,INR,14696.32,ACTIVE,2026-04-29 00:00:00
ACC-0154,CUST-0143,CREDIT_CARD,INR,21386.59,ACTIVE,2024-08-25 00:00:00
ACC-0155,CUST-0938,CREDIT_CARD,INR,315975.92,ACTIVE,2026-03-06 00:00:00
ACC-0156,CUST-0721,LOAN,INR,143385.41,ACTIVE,2026-01-29 00:00:00
ACC-0157,CUST-0202,LOAN,INR,470155.33,ACTIVE,2026-02-20 00:00:00
ACC-0158,CUST-0328,SAVINGS,INR,484290.08,ACTIVE,2025-06-13 00:00:00
ACC-0159,CUST-0897,SAVINGS,INR,65092.23,ACTIVE,2024-07-31 00:00:00
ACC-0160,CUST-0077,CREDIT_CARD,INR,54981.17,ACTIVE,2025-01-22 00:00:00
ACC-0161,CUST-0419,CREDIT_CARD,INR,489763.99,ACTIVE,2024-06-16 00:00:00
ACC-0162,CUST-0582,SAVINGS,INR,407844.26,ACTIVE,2025-08-08 00:00:00
ACC-0163,CUST-0266,CREDIT_CARD,INR,86290.31,ACTIVE,2025-05-02 00:00:00
ACC-0164,CUST-0149,LOAN,INR,309446.03,ACTIVE,2025-08-10 00:00:00
ACC-0165,CUST-0122,LOAN,INR,273744.44,ACTIVE,2025-09-24 00:00:00
ACC-0166,CUST-0766,LOAN,INR,33309.96,ACTIVE,2024-04-01 00:00:00
ACC-0167,CUST-0549,CURRENT,INR,294345.71,ACTIVE,2025-02-12 00:00:00
ACC-0168,CUST-0308,CURRENT,INR,274254.88,ACTIVE,2024-05-14 00:00:00
ACC-0169,CUST-0951,LOAN,INR,486812.41,ACTIVE,2024-07-29 00:00:00
ACC-0170,CUST-0627,CREDIT_CARD,INR,454762.24,ACTIVE,2025-07-05 00:00:00
ACC-0171,CUST-0857,LOAN,INR,341253.01,ACTIVE,2025-11-23 00:00:00
ACC-0172,CUST-0965,LOAN,INR,169465.72,ACTIVE,2025-08-23 00:00:00
ACC-0173,CUST-0755,CURRENT,INR,134236.67,ACTIVE,2024-07-07 00:00:00
ACC-0174,CUST-0104,CREDIT_CARD,INR,185970.84,ACTIVE,2025-04-02 00:00:00
ACC-0175,CUST-0062,CREDIT_CARD,INR,460380.43,ACTIVE,2024-08-24 00:00:00
ACC-0176,CUST-0389,CREDIT_CARD,INR,433286.25,ACTIVE,2025-11-01 00:00:00
ACC-0177,CUST-0780,LOAN,INR,492434.44,ACTIVE,2024-05-12 00:00:00
ACC-0178,CUST-0356,SAVINGS,INR,178352.37,ACTIVE,2024-09-24 00:00:00
ACC-0179,CUST-0642,LOAN,INR,349163.28,ACTIVE,2025-01-05 00:00:00
ACC-0180,CUST-0182,LOAN,INR,233047.67,ACTIVE,2025-05-12 00:00:00
ACC-0181,CUST-0699,CURRENT,INR,77673.98,ACTIVE,2024-04-05 00:00:00
ACC-0182,CUST-0430,CREDIT_CARD,INR,62960.15,ACTIVE,2024-05-20 00:00:00
ACC-0183,CUST-0554,CURRENT,INR,177594.91,ACTIVE,2024-11-11 00:00:00
ACC-0184,CUST-0313,LOAN,INR,393157.95,ACTIVE,2025-11-10 00:00:00
ACC-0185,CUST-0942,CURRENT,INR,254119.69,ACTIVE,2025-08-29 00:00:00
ACC-0186,CUST-0680,CURRENT,INR,422378.37,ACTIVE,2025-04-20 00:00:00
ACC-0187,CUST-0359,CURRENT,INR,158094.32,ACTIVE,2025-12-27 00:00:00
ACC-0188,CUST-0131,CREDIT_CARD,INR,169257.71,ACTIVE,2024-08-03 00:00:00
ACC-0189,CUST-0940,SAVINGS,INR,92455.12,ACTIVE,2025-12-19 00:00:00
ACC-0190,CUST-0133,LOAN,INR,251693.41,ACTIVE,2025-02-01 00:00:00
ACC-0191,CUST-0595,LOAN,INR,194076.41,ACTIVE,2025-03-13 00:00:00
ACC-0192,CUST-0887,CREDIT_CARD,INR,358195.88,ACTIVE,2025-07-05 00:00:00
ACC-0193,CUST-0469,CURRENT,INR,85524.19,ACTIVE,2025-05-05 00:00:00
ACC-0194,CUST-0444,LOAN,INR,71137.55,ACTIVE,2024-11-16 00:00:00
ACC-0195,CUST-0456,LOAN,INR,430945.58,ACTIVE,2026-02-23 00:00:00
ACC-0196,CUST-0934,CURRENT,INR,421430.22,ACTIVE,2026-03-03 00:00:00
ACC-0197,CUST-0968,CURRENT,INR,423749.01,ACTIVE,2024-09-06 00:00:00
ACC-0198,CUST-0197,CURRENT,INR,499787.28,ACTIVE,2025-06-09 00:00:00
ACC-0199,CUST-0108,LOAN,INR,243337.19,ACTIVE,2024-10-30 00:00:00
ACC-0200,CUST-0457,CREDIT_CARD,INR,184348.0,ACTIVE,2025-04-04 00:00:00
ACC-0201,CUST-0338,SAVINGS,INR,30032.12,ACTIVE,2024-11-07 00:00:00
ACC-0202,CUST-0358,CURRENT,INR,292245.91,ACTIVE,2025-04-13 00:00:00
ACC-0203,CUST-0624,SAVINGS,INR,363969.4,ACTIVE,2026-01-07 00:00:00
ACC-0204,CUST-0582,SAVINGS,INR,317402.78,ACTIVE,2026-02-26 00:00:00
ACC-0205,CUST-0720,CURRENT,INR,235578.75,ACTIVE,2024-09-06 00:00:00
ACC-0206,CUST-0210,SAVINGS,INR,316088.9,ACTIVE,2025-09-03 00:00:00
ACC-0207,CUST-0099,SAVINGS,INR,111151.38,ACTIVE,2025-04-14 00:00:00
ACC-0208,CUST-0862,LOAN,INR,58903.7,ACTIVE,2024-11-02 00:00:00
ACC-0209,CUST-0425,CREDIT_CARD,INR,323946.58,ACTIVE,2024-05-02 00:00:00
ACC-0210,CUST-0408,SAVINGS,INR,28532.62,ACTIVE,2025-04-02 00:00:00
ACC-0211,CUST-0440,CURRENT,INR,457641.64,ACTIVE,2025-10-11 00:00:00
ACC-0212,CUST-0255,CREDIT_CARD,INR,160498.08,ACTIVE,2026-02-11 00:00:00
ACC-0213,CUST-0842,CURRENT,INR,343957.58,ACTIVE,2025-11-22 00:00:00
ACC-0214,CUST-0047,CURRENT,INR,18092.42,ACTIVE,2025-12-19 00:00:00
ACC-0215,CUST-0256,CURRENT,INR,169006.36,ACTIVE,2024-12-31 00:00:00
ACC-0216,CUST-0049,LOAN,INR,408587.6,ACTIVE,2026-04-16 00:00:00
ACC-0217,CUST-0483,CREDIT_CARD,INR,12952.43,ACTIVE,2024-10-14 00:00:00
ACC-0218,CUST-0730,LOAN,INR,94538.27,ACTIVE,2025-12-24 00:00:00
ACC-0219,CUST-0896,CREDIT_CARD,INR,423759.65,ACTIVE,2025-12-07 00:00:00
ACC-0220,CUST-0211,LOAN,INR,108618.65,ACTIVE,2026-02-07 00:00:00
ACC-0221,CUST-0153,SAVINGS,INR,299603.6,ACTIVE,2026-04-13 00:00:00
ACC-0222,CUST-0079,CURRENT,INR,139247.27,ACTIVE,2025-07-18 00:00:00
ACC-0223,CUST-0919,CREDIT_CARD,INR,247296.1,ACTIVE,2025-04-22 00:00:00
ACC-0224,CUST-0443,CREDIT_CARD,INR,137856.59,ACTIVE,2024-12-09 00:00:00
ACC-0225,CUST-0061,LOAN,INR,244647.55,ACTIVE,2024-11-22 00:00:00
ACC-0226,CUST-0030,CREDIT_CARD,INR,231552.46,ACTIVE,2024-04-14 00:00:00
ACC-0227,CUST-0823,CREDIT_CARD,INR,60334.62,ACTIVE,2026-03-17 00:00:00
ACC-0228,CUST-0049,CURRENT,INR,158241.56,ACTIVE,2024-09-22 00:00:00
ACC-0229,CUST-0469,LOAN,INR,378657.26,ACTIVE,2025-12-20 00:00:00
ACC-0230,CUST-0742,CREDIT_CARD,INR,213563.04,ACTIVE,2024-08-29 00:00:00
ACC-0231,CUST-0971,SAVINGS,INR,455390.78,ACTIVE,2026-01-25 00:00:00
ACC-0232,CUST-0483,CREDIT_CARD,INR,18305.83,ACTIVE,2025-01-08 00:00:00
ACC-0233,CUST-0333,LOAN,INR,90537.65,ACTIVE,2025-03-30 00:00:00
ACC-0234,CUST-0832,CURRENT,INR,448314.73,ACTIVE,2025-10-07 00:00:00
ACC-0235,CUST-0765,LOAN,INR,467006.2,ACTIVE,2025-03-17 00:00:00
ACC-0236,CUST-0480,CREDIT_CARD,INR,168338.52,ACTIVE,2025-01-01 00:00:00
ACC-0237,CUST-0034,LOAN,INR,243347.9,ACTIVE,2024-10-12 00:00:00
ACC-0238,CUST-0135,SAVINGS,INR,159115.01,ACTIVE,2025-11-09 00:00:00
ACC-0239,CUST-0530,SAVINGS,INR,223442.87,ACTIVE,2025-03-06 00:00:00
ACC-0240,CUST-0718,SAVINGS,INR,111055.81,ACTIVE,2024-08-26 00:00:00
ACC-0241,CUST-0676,LOAN,INR,80386.55,ACTIVE,2024-07-20 00:00:00
ACC-0242,CUST-0391,CURRENT,INR,230324.54,ACTIVE,2025-02-12 00:00:00
ACC-0243,CUST-0977,LOAN,INR,122362.41,ACTIVE,2024-05-10 00:00:00
ACC-0244,CUST-0978,CREDIT_CARD,INR,111729.42,ACTIVE,2025-08-10 00:00:00
ACC-0245,CUST-0975,CURRENT,INR,241188.45,ACTIVE,2025-12-08 00:00:00
ACC-0246,CUST-0045,CURRENT,INR,72477.96,ACTIVE,2025-02-21 00:00:00
ACC-0247,CUST-0750,CREDIT_CARD,INR,53570.46,ACTIVE,2026-04-24 00:00:00
ACC-0248,CUST-0200,CREDIT_CARD,INR,49728.96,ACTIVE,2024-06-15 00:00:00
ACC-0249,CUST-0054,CREDIT_CARD,INR,104973.53,ACTIVE,2025-05-05 00:00:00
ACC-0250,CUST-0398,CURRENT,INR,259583.48,ACTIVE,2025-12-18 00:00:00
ACC-0251,CUST-0017,SAVINGS,INR,40703.35,ACTIVE,2026-02-09 00:00:00
ACC-0252,CUST-0711,CURRENT,INR,187896.51,ACTIVE,2026-03-21 00:00:00
ACC-0253,CUST-0879,SAVINGS,INR,220985.34,ACTIVE,2025-05-02 00:00:00
ACC-0254,CUST-0254,SAVINGS,INR,470760.79,ACTIVE,2025-12-22 00:00:00
ACC-0255,CUST-0548,SAVINGS,INR,259207.77,ACTIVE,2025-03-31 00:00:00
ACC-0256,CUST-0303,CURRENT,INR,66722.08,ACTIVE,2025-04-23 00:00:00
ACC-0257,CUST-0152,LOAN,INR,473376.76,ACTIVE,2024-05-17 00:00:00
ACC-0258,CUST-0737,CREDIT_CARD,INR,414128.47,ACTIVE,2024-04-08 00:00:00
ACC-0259,CUST-0931,CURRENT,INR,57879.18,ACTIVE,2024-10-13 00:00:00
ACC-0260,CUST-0062,LOAN,INR,294671.03,ACTIVE,2024-10-23 00:00:00
ACC-0261,CUST-0280,SAVINGS,INR,239581.9,ACTIVE,2024-12-09 00:00:00
ACC-0262,CUST-0281,CURRENT,INR,23257.69,ACTIVE,2026-01-25 00:00:00
ACC-0263,CUST-0449,LOAN,INR,213660.58,ACTIVE,2024-06-07 00:00:00
ACC-0264,CUST-0382,CURRENT,INR,397764.3,ACTIVE,2024-05-22 00:00:00
ACC-0265,CUST-0378,SAVINGS,INR,214577.42,ACTIVE,2024-12-10 00:00:00
ACC-0266,CUST-0674,LOAN,INR,138590.93,ACTIVE,2026-02-18 00:00:00
ACC-0267,CUST-0090,CREDIT_CARD,INR,239994.42,ACTIVE,2025-04-12 00:00:00
ACC-0268,CUST-0891,CURRENT,INR,347086.31,ACTIVE,2026-01-23 00:00:00
ACC-0269,CUST-0116,CREDIT_CARD,INR,179321.26,ACTIVE,2026-01-22 00:00:00
ACC-0270,CUST-0152,LOAN,INR,82003.39,ACTIVE,2024-04-20 00:00:00
ACC-0271,CUST-0623,CREDIT_CARD,INR,206623.76,ACTIVE,2025-09-05 00:00:00
ACC-0272,CUST-0231,LOAN,INR,485983.59,ACTIVE,2024-08-21 00:00:00
ACC-0273,CUST-0928,CREDIT_CARD,INR,70006.94,ACTIVE,2024-09-23 00:00:00
ACC-0274,CUST-0844,SAVINGS,INR,445942.99,ACTIVE,2025-01-04 00:00:00
ACC-0275,CUST-0455,LOAN,INR,369100.63,ACTIVE,2025-12-23 00:00:00
ACC-0276,CUST-0570,CREDIT_CARD,INR,80516.52,ACTIVE,2025-03-24 00:00:00
ACC-0277,CUST-0174,SAVINGS,INR,171621.04,ACTIVE,2025-08-18 00:00:00
ACC-0278,CUST-0346,CREDIT_CARD,INR,229526.68,ACTIVE,2024-06-03 00:00:00
ACC-0279,CUST-0078,SAVINGS,INR,321301.39,ACTIVE,2025-11-09 00:00:00
ACC-0280,CUST-0362,LOAN,INR,123346.62,ACTIVE,2025-04-13 00:00:00
ACC-0281,CUST-0008,LOAN,INR,346990.56,ACTIVE,2025-05-10 00:00:00
ACC-0282,CUST-0308,CURRENT,INR,49164.8,ACTIVE,2026-04-24 00:00:00
ACC-0283,CUST-0542,SAVINGS,INR,354112.8,ACTIVE,2024-10-15 00:00:00
ACC-0284,CUST-0209,CURRENT,INR,376620.59,ACTIVE,2025-12-19 00:00:00
ACC-0285,CUST-0239,SAVINGS,INR,314116.14,ACTIVE,2025-04-10 00:00:00
ACC-0286,CUST-0782,LOAN,INR,22970.73,ACTIVE,2024-07-08 00:00:00
ACC-0287,CUST-0285,CREDIT_CARD,INR,394965.48,ACTIVE,2026-01-26 00:00:00
ACC-0288,CUST-0554,LOAN,INR,273299.03,ACTIVE,2025-06-11 00:00:00
ACC-0289,CUST-0602,LOAN,INR,15876.62,ACTIVE,2025-11-14 00:00:00
ACC-0290,CUST-0850,CREDIT_CARD,INR,29283.12,ACTIVE,2024-07-06 00:00:00
ACC-0291,CUST-0637,CREDIT_CARD,INR,469053.01,ACTIVE,2024-09-13 00:00:00
ACC-0292,CUST-0184,CURRENT,INR,368498.93,ACTIVE,2024-04-19 00:00:00
ACC-0293,CUST-0639,LOAN,INR,474009.79,ACTIVE,2025-02-12 00:00:00
ACC-0294,CUST-0470,LOAN,INR,118662.93,ACTIVE,2026-03-02 00:00:00
ACC-0295,CUST-0443,SAVINGS,INR,487210.04,ACTIVE,2026-02-21 00:00:00
ACC-0296,CUST-0401,CREDIT_CARD,INR,275747.47,ACTIVE,2025-01-12 00:00:00
ACC-0297,CUST-0679,CURRENT,INR,260716.22,ACTIVE,2025-01-06 00:00:00
ACC-0298,CUST-0636,SAVINGS,INR,29592.96,ACTIVE,2024-08-19 00:00:00
ACC-0299,CUST-0147,CREDIT_CARD,INR,218832.79,ACTIVE,2025-01-26 00:00:00
ACC-0300,CUST-0017,CREDIT_CARD,INR,82130.39,ACTIVE,2025-05-30 00:00:00
ACC-0301,CUST-0833,CREDIT_CARD,INR,390137.78,ACTIVE,2025-12-30 00:00:00
ACC-0302,CUST-0724,CREDIT_CARD,INR,109308.53,ACTIVE,2024-07-09 00:00:00
ACC-0303,CUST-0465,CREDIT_CARD,INR,38155.83,ACTIVE,2024-10-18 00:00:00
ACC-0304,CUST-0964,CURRENT,INR,239565.36,ACTIVE,2026-03-28 00:00:00
ACC-0305,CUST-0186,CURRENT,INR,373811.2,ACTIVE,2025-09-03 00:00:00
ACC-0306,CUST-0188,SAVINGS,INR,457491.69,ACTIVE,2025-12-28 00:00:00
ACC-0307,CUST-0840,SAVINGS,INR,495911.32,ACTIVE,2025-02-14 00:00:00
ACC-0308,CUST-0402,CREDIT_CARD,INR,320944.73,ACTIVE,2025-01-15 00:00:00
ACC-0309,CUST-0180,LOAN,INR,219389.5,ACTIVE,2025-10-07 00:00:00
ACC-0310,CUST-0615,CREDIT_CARD,INR,372240.42,ACTIVE,2025-04-08 00:00:00
ACC-0311,CUST-0017,SAVINGS,INR,129457.89,ACTIVE,2024-07-13 00:00:00
ACC-0312,CUST-0066,CURRENT,INR,70621.86,ACTIVE,2024-04-03 00:00:00
ACC-0313,CUST-0783,CURRENT,INR,250806.57,ACTIVE,2025-06-06 00:00:00
ACC-0314,CUST-0770,SAVINGS,INR,381627.14,ACTIVE,2025-08-17 00:00:00
ACC-0315,CUST-0484,CURRENT,INR,490160.82,ACTIVE,2024-04-22 00:00:00
ACC-0316,CUST-0873,CREDIT_CARD,INR,75529.3,ACTIVE,2025-05-10 00:00:00
ACC-0317,CUST-0869,LOAN,INR,229537.45,ACTIVE,2025-02-07 00:00:00
ACC-0318,CUST-0392,CREDIT_CARD,INR,309451.47,ACTIVE,2024-06-13 00:00:00
ACC-0319,CUST-0954,CREDIT_CARD,INR,27915.64,ACTIVE,2024-06-27 00:00:00
ACC-0320,CUST-0214,CREDIT_CARD,INR,355373.71,ACTIVE,2025-03-16 00:00:00
ACC-0321,CUST-0686,SAVINGS,INR,366844.49,ACTIVE,2024-04-21 00:00:00
ACC-0322,CUST-0980,CREDIT_CARD,INR,341756.41,ACTIVE,2024-12-11 00:00:00
ACC-0323,CUST-0544,SAVINGS,INR,56046.83,ACTIVE,2024-11-07 00:00:00
ACC-0324,CUST-0374,LOAN,INR,26199.19,ACTIVE,2025-11-04 00:00:00
ACC-0325,CUST-0933,CURRENT,INR,183179.63,ACTIVE,2025-01-10 00:00:00
ACC-0326,CUST-0649,SAVINGS,INR,132945.82,ACTIVE,2026-03-28 00:00:00
ACC-0327,CUST-0157,LOAN,INR,342352.06,ACTIVE,2024-06-25 00:00:00
ACC-0328,CUST-0740,CREDIT_CARD,INR,132580.35,ACTIVE,2025-05-29 00:00:00
ACC-0329,CUST-0311,SAVINGS,INR,153210.5,ACTIVE,2024-09-17 00:00:00
ACC-0330,CUST-0362,SAVINGS,INR,493366.32,ACTIVE,2025-08-14 00:00:00
ACC-0331,CUST-0996,CURRENT,INR,31937.43,ACTIVE,2025-10-18 00:00:00
ACC-0332,CUST-0028,CURRENT,INR,332470.35,ACTIVE,2025-11-23 00:00:00
ACC-0333,CUST-0926,CURRENT,INR,92311.59,ACTIVE,2024-04-24 00:00:00
ACC-0334,CUST-0691,LOAN,INR,352812.1,ACTIVE,2025-01-29 00:00:00
ACC-0335,CUST-0958,CREDIT_CARD,INR,235574.09,ACTIVE,2024-12-07 00:00:00
ACC-0336,CUST-0643,CURRENT,INR,229733.4,ACTIVE,2024-05-17 00:00:00
ACC-0337,CUST-0115,SAVINGS,INR,72540.89,ACTIVE,2024-04-12 00:00:00
ACC-0338,CUST-0367,CURRENT,INR,66071.57,ACTIVE,2026-03-24 00:00:00
ACC-0339,CUST-0852,LOAN,INR,180016.64,ACTIVE,2025-04-04 00:00:00
ACC-0340,CUST-0651,CREDIT_CARD,INR,156013.48,ACTIVE,2024-09-15 00:00:00
ACC-0341,CUST-0258,SAVINGS,INR,493753.92,ACTIVE,2024-07-14 00:00:00
ACC-0342,CUST-0523,LOAN,INR,306166.06,ACTIVE,2025-06-11 00:00:00
ACC-0343,CUST-0949,CURRENT,INR,245461.9,ACTIVE,2025-05-21 00:00:00
ACC-0344,CUST-0448,LOAN,INR,275881.47,ACTIVE,2024-05-02 00:00:00
ACC-0345,CUST-0808,CURRENT,INR,429327.8,ACTIVE,2024-05-24 00:00:00
ACC-0346,CUST-0493,CREDIT_CARD,INR,20202.77,ACTIVE,2026-01-11 00:00:00
ACC-0347,CUST-0521,SAVINGS,INR,448203.4,ACTIVE,2026-01-05 00:00:00
ACC-0348,CUST-0192,SAVINGS,INR,276058.37,ACTIVE,2025-09-03 00:00:00
ACC-0349,CUST-0831,SAVINGS,INR,59663.03,ACTIVE,2024-06-06 00:00:00
ACC-0350,CUST-0667,SAVINGS,INR,156654.09,ACTIVE,2025-12-16 00:00:00
ACC-0351,CUST-0252,LOAN,INR,66860.91,ACTIVE,2025-03-27 00:00:00
ACC-0352,CUST-0717,CREDIT_CARD,INR,155324.56,ACTIVE,2025-01-22 00:00:00
ACC-0353,CUST-0701,SAVINGS,INR,174401.28,ACTIVE,2025-10-23 00:00:00
ACC-0354,CUST-0241,CURRENT,INR,235982.2,ACTIVE,2025-07-17 00:00:00
ACC-0355,CUST-0489,CREDIT_CARD,INR,154964.88,ACTIVE,2024-12-18 00:00:00
ACC-0356,CUST-0515,LOAN,INR,347584.18,ACTIVE,2024-07-11 00:00:00
ACC-0357,CUST-0600,CREDIT_CARD,INR,203453.09,ACTIVE,2025-11-16 00:00:00
ACC-0358,CUST-0614,LOAN,INR,83899.57,ACTIVE,2024-11-18 00:00:00
ACC-0359,CUST-0900,CREDIT_CARD,INR,112807.98,ACTIVE,2024-07-29 00:00:00
ACC-0360,CUST-0898,LOAN,INR,39992.51,ACTIVE,2026-03-17 00:00:00
ACC-0361,CUST-0790,LOAN,INR,58778.17,ACTIVE,2025-12-14 00:00:00
ACC-0362,CUST-0122,CREDIT_CARD,INR,326652.31,ACTIVE,2025-02-24 00:00:00
ACC-0363,CUST-0828,CREDIT_CARD,INR,146359.48,ACTIVE,2025-01-15 00:00:00
ACC-0364,CUST-0663,CURRENT,INR,54938.22,ACTIVE,2024-07-09 00:00:00
ACC-0365,CUST-0117,CURRENT,INR,373954.61,ACTIVE,2024-09-12 00:00:00
ACC-0366,CUST-0072,CURRENT,INR,402539.71,ACTIVE,2024-08-08 00:00:00
ACC-0367,CUST-0981,SAVINGS,INR,355671.51,ACTIVE,2026-02-01 00:00:00
ACC-0368,CUST-0995,CURRENT,INR,172804.34,ACTIVE,2025-08-24 00:00:00
ACC-0369,CUST-0308,CREDIT_CARD,INR,37313.19,ACTIVE,2024-06-18 00:00:00
ACC-0370,CUST-0010,CREDIT_CARD,INR,421823.45,ACTIVE,2025-11-18 00:00:00
ACC-0371,CUST-0616,CREDIT_CARD,INR,330729.25,ACTIVE,2024-05-07 00:00:00
ACC-0372,CUST-0990,SAVINGS,INR,448858.75,ACTIVE,2025-10-25 00:00:00
ACC-0373,CUST-0874,SAVINGS,INR,38229.66,ACTIVE,2024-12-10 00:00:00
ACC-0374,CUST-0662,CREDIT_CARD,INR,312966.63,ACTIVE,2025-02-22 00:00:00
ACC-0375,CUST-0890,CURRENT,INR,362263.24,ACTIVE,2025-06-12 00:00:00
ACC-0376,CUST-0363,CREDIT_CARD,INR,194939.72,ACTIVE,2024-10-06 00:00:00
ACC-0377,CUST-0294,LOAN,INR,158517.83,ACTIVE,2026-03-13 00:00:00
ACC-0378,CUST-0189,CREDIT_CARD,INR,162676.15,ACTIVE,2024-11-27 00:00:00
ACC-0379,CUST-0426,CURRENT,INR,352598.84,ACTIVE,2025-12-04 00:00:00
ACC-0380,CUST-0301,CREDIT_CARD,INR,248924.0,ACTIVE,2025-11-15 00:00:00
ACC-0381,CUST-0113,CREDIT_CARD,INR,428745.06,ACTIVE,2025-05-18 00:00:00
ACC-0382,CUST-0749,CREDIT_CARD,INR,122193.61,ACTIVE,2025-09-13 00:00:00
ACC-0383,CUST-0040,LOAN,INR,44021.65,ACTIVE,2026-01-31 00:00:00
ACC-0384,CUST-0082,CURRENT,INR,316187.55,ACTIVE,2026-01-07 00:00:00
ACC-0385,CUST-0930,LOAN,INR,65127.28,ACTIVE,2024-10-01 00:00:00
ACC-0386,CUST-0432,SAVINGS,INR,102171.5,ACTIVE,2025-03-07 00:00:00
ACC-0387,CUST-0586,CREDIT_CARD,INR,378851.61,ACTIVE,2025-10-17 00:00:00
ACC-0388,CUST-0910,CREDIT_CARD,INR,24046.37,ACTIVE,2026-01-28 00:00:00
ACC-0389,CUST-0425,CREDIT_CARD,INR,12042.04,ACTIVE,2026-03-07 00:00:00
ACC-0390,CUST-0087,SAVINGS,INR,213603.47,ACTIVE,2025-05-13 00:00:00
ACC-0391,CUST-0582,CURRENT,INR,169275.77,ACTIVE,2026-05-02 00:00:00
ACC-0392,CUST-0838,CREDIT_CARD,INR,6877.82,ACTIVE,2025-06-06 00:00:00
ACC-0393,CUST-0587,CURRENT,INR,162571.22,ACTIVE,2024-07-01 00:00:00
ACC-0394,CUST-0960,CREDIT_CARD,INR,138749.03,ACTIVE,2026-03-21 00:00:00
ACC-0395,CUST-0702,CREDIT_CARD,INR,162914.62,ACTIVE,2025-01-10 00:00:00
ACC-0396,CUST-0709,LOAN,INR,387496.46,ACTIVE,2025-09-23 00:00:00
ACC-0397,CUST-0245,CREDIT_CARD,INR,179932.34,ACTIVE,2024-10-15 00:00:00
ACC-0398,CUST-0897,CURRENT,INR,164996.43,ACTIVE,2026-01-02 00:00:00
ACC-0399,CUST-0657,SAVINGS,INR,176989.93,ACTIVE,2025-06-09 00:00:00
ACC-0400,CUST-0334,LOAN,INR,132008.25,ACTIVE,2024-04-03 00:00:00
ACC-0401,CUST-0231,CURRENT,INR,69444.91,ACTIVE,2025-03-28 00:00:00
ACC-0402,CUST-0488,SAVINGS,INR,418321.44,ACTIVE,2025-08-10 00:00:00
ACC-0403,CUST-0701,CURRENT,INR,47102.88,ACTIVE,2026-04-07 00:00:00
ACC-0404,CUST-0361,CURRENT,INR,247787.0,ACTIVE,2025-01-12 00:00:00
ACC-0405,CUST-0675,CREDIT_CARD,INR,470543.5,ACTIVE,2024-11-16 00:00:00
ACC-0406,CUST-0268,LOAN,INR,55308.86,ACTIVE,2024-06-30 00:00:00
ACC-0407,CUST-0273,CREDIT_CARD,INR,244259.89,ACTIVE,2025-04-13 00:00:00
ACC-0408,CUST-0883,SAVINGS,INR,299338.43,ACTIVE,2025-09-08 00:00:00
ACC-0409,CUST-0686,SAVINGS,INR,356828.98,ACTIVE,2024-03-31 00:00:00
ACC-0410,CUST-0643,SAVINGS,INR,216813.53,ACTIVE,2025-12-22 00:00:00
ACC-0411,CUST-0429,LOAN,INR,8789.3,ACTIVE,2025-12-10 00:00:00
ACC-0412,CUST-0565,SAVINGS,INR,34543.33,ACTIVE,2025-07-06 00:00:00
ACC-0413,CUST-0691,CURRENT,INR,242110.71,ACTIVE,2025-07-01 00:00:00
ACC-0414,CUST-0869,CREDIT_CARD,INR,43746.5,ACTIVE,2025-09-22 00:00:00
ACC-0415,CUST-0268,CREDIT_CARD,INR,140567.88,ACTIVE,2025-01-08 00:00:00
ACC-0416,CUST-0746,CREDIT_CARD,INR,108517.89,ACTIVE,2025-11-26 00:00:00
ACC-0417,CUST-0875,CURRENT,INR,457356.56,ACTIVE,2024-11-22 00:00:00
ACC-0418,CUST-0602,CURRENT,INR,250002.21,ACTIVE,2024-10-20 00:00:00
ACC-0419,CUST-0639,CREDIT_CARD,INR,419741.06,ACTIVE,2026-02-20 00:00:00
ACC-0420,CUST-0174,CURRENT,INR,83298.23,ACTIVE,2026-01-15 00:00:00
ACC-0421,CUST-0058,CREDIT_CARD,INR,403620.39,ACTIVE,2024-07-14 00:00:00
ACC-0422,CUST-0642,LOAN,INR,349468.16,ACTIVE,2024-08-07 00:00:00
ACC-0423,CUST-0597,SAVINGS,INR,181190.66,ACTIVE,2025-08-22 00:00:00
ACC-0424,CUST-0393,CREDIT_CARD,INR,228735.36,ACTIVE,2026-05-02 00:00:00
ACC-0425,CUST-0222,CREDIT_CARD,INR,352396.98,ACTIVE,2024-04-14 00:00:00
ACC-0426,CUST-0494,SAVINGS,INR,418686.61,ACTIVE,2026-03-28 00:00:00
ACC-0427,CUST-0488,CURRENT,INR,189830.88,ACTIVE,2026-04-22 00:00:00
ACC-0428,CUST-0114,SAVINGS,INR,415866.66,ACTIVE,2024-07-23 00:00:00
ACC-0429,CUST-0020,LOAN,INR,122284.54,ACTIVE,2024-08-06 00:00:00
ACC-0430,CUST-0452,CURRENT,INR,91669.71,ACTIVE,2025-10-06 00:00:00
ACC-0431,CUST-0770,CREDIT_CARD,INR,136381.04,ACTIVE,2025-11-12 00:00:00
ACC-0432,CUST-0653,CURRENT,INR,238081.01,ACTIVE,2025-05-19 00:00:00
ACC-0433,CUST-0276,SAVINGS,INR,199882.74,ACTIVE,2025-12-27 00:00:00
ACC-0434,CUST-0496,SAVINGS,INR,280077.27,ACTIVE,2024-07-08 00:00:00
ACC-0435,CUST-0893,SAVINGS,INR,389291.23,ACTIVE,2024-05-11 00:00:00
ACC-0436,CUST-0449,SAVINGS,INR,391777.34,ACTIVE,2026-03-07 00:00:00
ACC-0437,CUST-0297,LOAN,INR,149318.34,ACTIVE,2025-05-14 00:00:00
ACC-0438,CUST-0595,CREDIT_CARD,INR,31865.93,ACTIVE,2026-02-25 00:00:00
ACC-0439,CUST-0045,SAVINGS,INR,267843.23,ACTIVE,2026-01-27 00:00:00
ACC-0440,CUST-0546,LOAN,INR,72648.18,ACTIVE,2025-12-09 00:00:00
ACC-0441,CUST-0147,LOAN,INR,180241.5,ACTIVE,2025-10-13 00:00:00
ACC-0442,CUST-0684,CREDIT_CARD,INR,321308.3,ACTIVE,2026-02-26 00:00:00
ACC-0443,CUST-0742,CURRENT,INR,344345.38,ACTIVE,2024-09-29 00:00:00
ACC-0444,CUST-0678,CURRENT,INR,457418.3,ACTIVE,2025-05-02 00:00:00
ACC-0445,CUST-0378,LOAN,INR,310266.88,ACTIVE,2025-06-29 00:00:00
ACC-0446,CUST-0942,CURRENT,INR,192551.29,ACTIVE,2024-11-03 00:00:00
ACC-0447,CUST-0638,SAVINGS,INR,132987.2,ACTIVE,2025-07-14 00:00:00
ACC-0448,CUST-0396,SAVINGS,INR,340754.27,ACTIVE,2026-04-30 00:00:00
ACC-0449,CUST-0619,LOAN,INR,480185.36,ACTIVE,2025-03-11 00:00:00
ACC-0450,CUST-0161,LOAN,INR,348846.29,ACTIVE,2024-12-25 00:00:00
ACC-0451,CUST-0016,SAVINGS,INR,356237.01,ACTIVE,2025-12-27 00:00:00
ACC-0452,CUST-0457,CURRENT,INR,296435.16,ACTIVE,2026-01-29 00:00:00
ACC-0453,CUST-0509,SAVINGS,INR,224670.96,ACTIVE,2024-09-08 00:00:00
ACC-0454,CUST-0763,CREDIT_CARD,INR,372280.53,ACTIVE,2024-11-08 00:00:00
ACC-0455,CUST-0992,LOAN,INR,31492.93,ACTIVE,2025-02-01 00:00:00
ACC-0456,CUST-0014,CREDIT_CARD,INR,150760.3,ACTIVE,2026-01-15 00:00:00
ACC-0457,CUST-0769,CREDIT_CARD,INR,301735.78,ACTIVE,2024-08-20 00:00:00
ACC-0458,CUST-0552,SAVINGS,INR,466361.75,ACTIVE,2025-08-23 00:00:00
ACC-0459,CUST-0347,CURRENT,INR,67535.17,ACTIVE,2025-04-27 00:00:00
ACC-0460,CUST-0185,LOAN,INR,429929.95,ACTIVE,2025-09-23 00:00:00
ACC-0461,CUST-0436,CREDIT_CARD,INR,348733.06,ACTIVE,2026-03-12 00:00:00
ACC-0462,CUST-0125,LOAN,INR,37200.46,ACTIVE,2024-10-01 00:00:00
ACC-0463,CUST-0695,CREDIT_CARD,INR,350248.4,ACTIVE,2024-09-12 00:00:00
ACC-0464,CUST-0334,SAVINGS,INR,474939.11,ACTIVE,2024-05-16 00:00:00
ACC-0465,CUST-0272,CURRENT,INR,378697.31,ACTIVE,2026-02-20 00:00:00
ACC-0466,CUST-0840,SAVINGS,INR,479954.07,ACTIVE,2025-04-30 00:00:00
ACC-0467,CUST-0583,LOAN,INR,295249.42,ACTIVE,2026-02-28 00:00:00
ACC-0468,CUST-0814,CREDIT_CARD,INR,103003.28,ACTIVE,2024-08-03 00:00:00
ACC-0469,CUST-0477,LOAN,INR,132879.03,ACTIVE,2025-09-02 00:00:00
ACC-0470,CUST-0187,CURRENT,INR,155514.35,ACTIVE,2025-11-17 00:00:00
ACC-0471,CUST-0841,CURRENT,INR,491676.75,ACTIVE,2024-07-13 00:00:00
ACC-0472,CUST-0202,LOAN,INR,77574.34,ACTIVE,2024-12-07 00:00:00
ACC-0473,CUST-0273,SAVINGS,INR,393022.69,ACTIVE,2025-02-08 00:00:00
ACC-0474,CUST-0770,CURRENT,INR,411515.11,ACTIVE,2024-05-21 00:00:00
ACC-0475,CUST-0439,LOAN,INR,448722.77,ACTIVE,2025-07-28 00:00:00
ACC-0476,CUST-0754,LOAN,INR,89260.84,ACTIVE,2026-04-04 00:00:00
ACC-0477,CUST-0107,LOAN,INR,249431.24,ACTIVE,2026-01-31 00:00:00
ACC-0478,CUST-0582,SAVINGS,INR,13058.62,ACTIVE,2026-01-11 00:00:00
ACC-0479,CUST-0420,LOAN,INR,394537.3,ACTIVE,2024-04-27 00:00:00
ACC-0480,CUST-0842,CURRENT,INR,48279.87,ACTIVE,2025-04-15 00:00:00
ACC-0481,CUST-0855,CURRENT,INR,96839.89,ACTIVE,2026-01-02 00:00:00
ACC-0482,CUST-0233,LOAN,INR,251814.11,ACTIVE,2025-03-03 00:00:00
ACC-0483,CUST-0371,SAVINGS,INR,63569.92,ACTIVE,2025-06-16 00:00:00
ACC-0484,CUST-0521,SAVINGS,INR,479373.33,ACTIVE,2024-10-07 00:00:00
ACC-0485,CUST-0770,CREDIT_CARD,INR,139912.95,ACTIVE,2026-04-26 00:00:00
ACC-0486,CUST-0264,CREDIT_CARD,INR,12928.35,ACTIVE,2026-02-24 00:00:00
ACC-0487,CUST-0292,CREDIT_CARD,INR,146794.08,ACTIVE,2024-04-02 00:00:00
ACC-0488,CUST-0683,CREDIT_CARD,INR,282826.63,ACTIVE,2025-11-18 00:00:00
ACC-0489,CUST-0018,SAVINGS,INR,397032.52,ACTIVE,2025-02-17 00:00:00
ACC-0490,CUST-0153,SAVINGS,INR,73420.94,ACTIVE,2025-08-29 00:00:00
ACC-0491,CUST-0289,CURRENT,INR,386572.42,ACTIVE,2025-12-03 00:00:00
ACC-0492,CUST-0984,LOAN,INR,286168.91,ACTIVE,2025-09-19 00:00:00
ACC-0493,CUST-0050,SAVINGS,INR,14641.14,ACTIVE,2025-05-22 00:00:00
ACC-0494,CUST-0459,CREDIT_CARD,INR,294348.41,ACTIVE,2024-07-05 00:00:00
ACC-0495,CUST-0677,CREDIT_CARD,INR,368322.53,ACTIVE,2025-10-26 00:00:00
ACC-0496,CUST-0524,LOAN,INR,457873.1,ACTIVE,2024-12-25 00:00:00
ACC-0497,CUST-0089,LOAN,INR,482739.71,ACTIVE,2025-12-25 00:00:00
ACC-0498,CUST-0840,SAVINGS,INR,36377.97,ACTIVE,2025-05-13 00:00:00
ACC-0499,CUST-0216,SAVINGS,INR,298988.8,ACTIVE,2025-09-10 00:00:00
ACC-0500,CUST-0866,SAVINGS,INR,49993.02,ACTIVE,2024-07-03 00:00:00
ACC-0501,CUST-0898,CURRENT,INR,406090.68,ACTIVE,2026-03-21 00:00:00
ACC-0502,CUST-0313,SAVINGS,INR,236834.89,ACTIVE,2025-09-07 00:00:00
ACC-0503,CUST-0223,LOAN,INR,416388.79,ACTIVE,2026-03-15 00:00:00
ACC-0504,CUST-0897,SAVINGS,INR,415515.16,ACTIVE,2025-09-24 00:00:00
ACC-0505,CUST-0704,CURRENT,INR,450859.09,ACTIVE,2025-09-17 00:00:00
ACC-0506,CUST-0763,CREDIT_CARD,INR,449208.46,ACTIVE,2024-08-20 00:00:00
ACC-0507,CUST-0829,LOAN,INR,229534.0,ACTIVE,2025-08-25 00:00:00
ACC-0508,CUST-0681,LOAN,INR,193074.6,ACTIVE,2025-01-04 00:00:00
ACC-0509,CUST-0524,LOAN,INR,213093.82,ACTIVE,2024-04-12 00:00:00
ACC-0510,CUST-0379,SAVINGS,INR,130911.59,ACTIVE,2025-04-03 00:00:00
ACC-0511,CUST-0329,CURRENT,INR,49326.22,ACTIVE,2025-04-13 00:00:00
ACC-0512,CUST-0326,SAVINGS,INR,449566.24,ACTIVE,2024-05-23 00:00:00
ACC-0513,CUST-0006,LOAN,INR,68494.04,ACTIVE,2024-11-16 00:00:00
ACC-0514,CUST-0741,CREDIT_CARD,INR,159005.85,ACTIVE,2025-10-17 00:00:00
ACC-0515,CUST-0505,CREDIT_CARD,INR,393433.82,ACTIVE,2025-07-25 00:00:00
ACC-0516,CUST-0584,CREDIT_CARD,INR,383386.5,ACTIVE,2025-12-11 00:00:00
ACC-0517,CUST-0127,CURRENT,INR,387069.27,ACTIVE,2025-03-06 00:00:00
ACC-0518,CUST-0638,CURRENT,INR,258488.44,ACTIVE,2025-04-01 00:00:00
ACC-0519,CUST-0778,CURRENT,INR,189959.25,ACTIVE,2024-10-27 00:00:00
ACC-0520,CUST-0618,LOAN,INR,14446.81,ACTIVE,2025-08-24 00:00:00
ACC-0521,CUST-0761,CURRENT,INR,445139.93,ACTIVE,2025-09-07 00:00:00
ACC-0522,CUST-0893,CURRENT,INR,74073.85,ACTIVE,2025-05-25 00:00:00
ACC-0523,CUST-0061,CURRENT,INR,427636.1,ACTIVE,2024-12-09 00:00:00
ACC-0524,CUST-0034,LOAN,INR,103826.0,ACTIVE,2025-02-16 00:00:00
ACC-0525,CUST-0087,CURRENT,INR,414288.42,ACTIVE,2024-09-13 00:00:00
ACC-0526,CUST-0765,CURRENT,INR,349340.41,ACTIVE,2024-11-23 00:00:00
ACC-0527,CUST-0665,SAVINGS,INR,223317.92,ACTIVE,2025-08-19 00:00:00
ACC-0528,CUST-0437,CURRENT,INR,182530.51,ACTIVE,2026-03-19 00:00:00
ACC-0529,CUST-0930,SAVINGS,INR,363992.58,ACTIVE,2025-10-01 00:00:00
ACC-0530,CUST-0484,SAVINGS,INR,36671.21,ACTIVE,2024-08-25 00:00:00
ACC-0531,CUST-0041,CURRENT,INR,360012.79,ACTIVE,2026-04-07 00:00:00
ACC-0532,CUST-0543,CURRENT,INR,75805.75,ACTIVE,2024-08-24 00:00:00
ACC-0533,CUST-0352,LOAN,INR,161504.24,ACTIVE,2025-04-10 00:00:00
ACC-0534,CUST-0435,CREDIT_CARD,INR,312979.93,ACTIVE,2024-11-23 00:00:00
ACC-0535,CUST-0459,CREDIT_CARD,INR,6182.1,ACTIVE,2025-03-16 00:00:00
ACC-0536,CUST-0063,CREDIT_CARD,INR,482494.97,ACTIVE,2026-03-12 00:00:00
ACC-0537,CUST-0537,LOAN,INR,304999.4,ACTIVE,2025-09-18 00:00:00
ACC-0538,CUST-0409,LOAN,INR,116792.08,ACTIVE,2026-03-26 00:00:00
ACC-0539,CUST-0768,LOAN,INR,139598.85,ACTIVE,2024-10-20 00:00:00
ACC-0540,CUST-0475,CREDIT_CARD,INR,379177.03,ACTIVE,2024-04-04 00:00:00
ACC-0541,CUST-0057,CURRENT,INR,390755.98,ACTIVE,2024-11-13 00:00:00
ACC-0542,CUST-0940,CREDIT_CARD,INR,451124.91,ACTIVE,2024-11-14 00:00:00
ACC-0543,CUST-0354,CURRENT,INR,77925.41,ACTIVE,2024-06-30 00:00:00
ACC-0544,CUST-0333,SAVINGS,INR,310737.47,ACTIVE,2025-10-09 00:00:00
ACC-0545,CUST-0767,CURRENT,INR,217269.98,ACTIVE,2025-12-26 00:00:00
ACC-0546,CUST-0028,CURRENT,INR,151232.86,ACTIVE,2026-02-20 00:00:00
ACC-0547,CUST-0151,CURRENT,INR,279482.01,ACTIVE,2026-04-05 00:00:00
ACC-0548,CUST-0474,SAVINGS,INR,223555.15,ACTIVE,2025-03-29 00:00:00
ACC-0549,CUST-0713,CURRENT,INR,26970.69,ACTIVE,2025-03-04 00:00:00
ACC-0550,CUST-0862,CURRENT,INR,437933.5,ACTIVE,2025-02-15 00:00:00
ACC-0551,CUST-0929,CREDIT_CARD,INR,436931.52,ACTIVE,2025-08-09 00:00:00
ACC-0552,CUST-0437,CURRENT,INR,369163.15,ACTIVE,2025-06-01 00:00:00
ACC-0553,CUST-0712,CURRENT,INR,208281.59,ACTIVE,2024-06-04 00:00:00
ACC-0554,CUST-0680,SAVINGS,INR,67858.27,ACTIVE,2024-04-27 00:00:00
ACC-0555,CUST-0422,LOAN,INR,128570.44,ACTIVE,2024-09-07 00:00:00
ACC-0556,CUST-0774,CREDIT_CARD,INR,291085.58,ACTIVE,2025-06-06 00:00:00
ACC-0557,CUST-0491,CREDIT_CARD,INR,225774.87,ACTIVE,2024-08-05 00:00:00
ACC-0558,CUST-0983,SAVINGS,INR,464727.0,ACTIVE,2024-12-02 00:00:00
ACC-0559,CUST-0820,SAVINGS,INR,437381.9,ACTIVE,2024-09-01 00:00:00
ACC-0560,CUST-0969,CREDIT_CARD,INR,169799.59,ACTIVE,2025-10-30 00:00:00
ACC-0561,CUST-0051,CREDIT_CARD,INR,431327.1,ACTIVE,2024-09-24 00:00:00
ACC-0562,CUST-0114,SAVINGS,INR,35068.76,ACTIVE,2025-06-14 00:00:00
ACC-0563,CUST-0460,CREDIT_CARD,INR,176798.2,ACTIVE,2026-04-13 00:00:00
ACC-0564,CUST-0501,CREDIT_CARD,INR,140354.37,ACTIVE,2024-12-02 00:00:00
ACC-0565,CUST-0186,SAVINGS,INR,470990.93,ACTIVE,2025-12-05 00:00:00
ACC-0566,CUST-0454,CREDIT_CARD,INR,119864.35,ACTIVE,2025-07-14 00:00:00
ACC-0567,CUST-0829,CREDIT_CARD,INR,65463.71,ACTIVE,2025-03-24 00:00:00
ACC-0568,CUST-0251,SAVINGS,INR,465296.49,ACTIVE,2024-07-27 00:00:00
ACC-0569,CUST-0634,SAVINGS,INR,91426.18,ACTIVE,2025-06-11 00:00:00
ACC-0570,CUST-0118,SAVINGS,INR,242916.1,ACTIVE,2024-06-03 00:00:00
ACC-0571,CUST-0162,CURRENT,INR,188154.6,ACTIVE,2025-04-04 00:00:00
ACC-0572,CUST-0494,LOAN,INR,422534.61,ACTIVE,2024-09-01 00:00:00
ACC-0573,CUST-0989,LOAN,INR,366228.02,ACTIVE,2025-09-05 00:00:00
ACC-0574,CUST-0200,LOAN,INR,175026.3,ACTIVE,2026-03-30 00:00:00
ACC-0575,CUST-0962,LOAN,INR,64577.33,ACTIVE,2025-09-07 00:00:00
ACC-0576,CUST-0187,SAVINGS,INR,225349.71,ACTIVE,2025-07-12 00:00:00
ACC-0577,CUST-0108,LOAN,INR,465489.11,ACTIVE,2024-07-25 00:00:00
ACC-0578,CUST-0542,CURRENT,INR,383894.85,ACTIVE,2026-02-26 00:00:00
ACC-0579,CUST-0339,CREDIT_CARD,INR,392187.35,ACTIVE,2025-12-22 00:00:00
ACC-0580,CUST-0763,CURRENT,INR,232755.37,ACTIVE,2025-03-26 00:00:00
ACC-0581,CUST-0472,LOAN,INR,497362.74,ACTIVE,2025-04-18 00:00:00
ACC-0582,CUST-0075,CREDIT_CARD,INR,93956.14,ACTIVE,2025-10-02 00:00:00
ACC-0583,CUST-0494,CURRENT,INR,443514.61,ACTIVE,2024-06-29 00:00:00
ACC-0584,CUST-0037,CREDIT_CARD,INR,265174.89,ACTIVE,2025-10-30 00:00:00
ACC-0585,CUST-0999,LOAN,INR,402127.03,ACTIVE,2025-03-31 00:00:00
ACC-0586,CUST-0428,LOAN,INR,117325.59,ACTIVE,2025-02-16 00:00:00
ACC-0587,CUST-0861,CREDIT_CARD,INR,387867.61,ACTIVE,2024-09-10 00:00:00
ACC-0588,CUST-0936,SAVINGS,INR,243837.91,ACTIVE,2025-06-28 00:00:00
ACC-0589,CUST-0549,LOAN,INR,148685.91,ACTIVE,2026-01-03 00:00:00
ACC-0590,CUST-0853,CURRENT,INR,186826.73,ACTIVE,2024-11-20 00:00:00
ACC-0591,CUST-0119,LOAN,INR,319893.4,ACTIVE,2024-07-25 00:00:00
ACC-0592,CUST-0052,CURRENT,INR,210065.75,ACTIVE,2024-07-23 00:00:00
ACC-0593,CUST-0904,LOAN,INR,348170.23,ACTIVE,2025-11-11 00:00:00
ACC-0594,CUST-0780,LOAN,INR,424293.43,ACTIVE,2024-04-16 00:00:00
ACC-0595,CUST-0369,SAVINGS,INR,474881.63,ACTIVE,2024-07-09 00:00:00
ACC-0596,CUST-0833,CREDIT_CARD,INR,181672.0,ACTIVE,2025-04-15 00:00:00
ACC-0597,CUST-0050,LOAN,INR,489370.52,ACTIVE,2025-05-05 00:00:00
ACC-0598,CUST-0795,SAVINGS,INR,104161.47,ACTIVE,2024-11-09 00:00:00
ACC-0599,CUST-0971,CREDIT_CARD,INR,76760.64,ACTIVE,2025-05-17 00:00:00
ACC-0600,CUST-0538,CREDIT_CARD,INR,394602.21,ACTIVE,2025-05-29 00:00:00
ACC-0601,CUST-0312,CURRENT,INR,113023.16,ACTIVE,2025-05-31 00:00:00
ACC-0602,CUST-0153,CURRENT,INR,214248.97,ACTIVE,2024-11-08 00:00:00
ACC-0603,CUST-0985,CURRENT,INR,343926.54,ACTIVE,2026-04-03 00:00:00
ACC-0604,CUST-0345,SAVINGS,INR,299039.19,ACTIVE,2025-04-29 00:00:00
ACC-0605,CUST-0381,CURRENT,INR,350486.87,ACTIVE,2025-11-10 00:00:00
ACC-0606,CUST-0022,CREDIT_CARD,INR,395726.82,ACTIVE,2025-04-30 00:00:00
ACC-0607,CUST-0218,LOAN,INR,71205.81,ACTIVE,2024-10-22 00:00:00
ACC-0608,CUST-0203,SAVINGS,INR,454356.73,ACTIVE,2026-01-08 00:00:00
ACC-0609,CUST-0150,LOAN,INR,224930.0,ACTIVE,2026-04-17 00:00:00
ACC-0610,CUST-0999,LOAN,INR,99210.39,ACTIVE,2025-06-01 00:00:00
ACC-0611,CUST-0457,LOAN,INR,411124.11,ACTIVE,2025-12-31 00:00:00
ACC-0612,CUST-0773,CREDIT_CARD,INR,190966.97,ACTIVE,2025-03-24 00:00:00
ACC-0613,CUST-0171,CREDIT_CARD,INR,333173.53,ACTIVE,2025-04-11 00:00:00
ACC-0614,CUST-0853,CURRENT,INR,425351.15,ACTIVE,2024-06-12 00:00:00
ACC-0615,CUST-0695,SAVINGS,INR,85441.74,ACTIVE,2026-05-02 00:00:00
ACC-0616,CUST-0513,LOAN,INR,329779.9,ACTIVE,2025-01-22 00:00:00
ACC-0617,CUST-0958,SAVINGS,INR,50700.62,ACTIVE,2025-01-19 00:00:00
ACC-0618,CUST-0586,CURRENT,INR,54135.61,ACTIVE,2024-09-17 00:00:00
ACC-0619,CUST-0577,LOAN,INR,20128.17,ACTIVE,2024-08-14 00:00:00
ACC-0620,CUST-0259,SAVINGS,INR,225520.25,ACTIVE,2025-06-10 00:00:00
ACC-0621,CUST-0426,CURRENT,INR,332989.69,ACTIVE,2026-04-24 00:00:00
ACC-0622,CUST-0412,CREDIT_CARD,INR,40053.01,ACTIVE,2026-01-13 00:00:00
ACC-0623,CUST-0223,CREDIT_CARD,INR,398827.05,ACTIVE,2024-10-19 00:00:00
ACC-0624,CUST-0542,CURRENT,INR,196681.67,ACTIVE,2026-01-12 00:00:00
ACC-0625,CUST-0973,SAVINGS,INR,329616.25,ACTIVE,2025-08-02 00:00:00
ACC-0626,CUST-0201,LOAN,INR,109660.58,ACTIVE,2025-02-25 00:00:00
ACC-0627,CUST-0992,CURRENT,INR,270265.42,ACTIVE,2025-09-09 00:00:00
ACC-0628,CUST-0323,CURRENT,INR,370993.96,ACTIVE,2025-11-25 00:00:00
ACC-0629,CUST-0380,SAVINGS,INR,47942.15,ACTIVE,2024-12-15 00:00:00
ACC-0630,CUST-0447,CREDIT_CARD,INR,242101.9,ACTIVE,2024-07-22 00:00:00
ACC-0631,CUST-0958,CURRENT,INR,60620.64,ACTIVE,2025-01-29 00:00:00
ACC-0632,CUST-0154,CREDIT_CARD,INR,180477.75,ACTIVE,2025-08-07 00:00:00
ACC-0633,CUST-0099,CREDIT_CARD,INR,302281.02,ACTIVE,2025-05-17 00:00:00
ACC-0634,CUST-0343,LOAN,INR,149581.11,ACTIVE,2025-11-07 00:00:00
ACC-0635,CUST-0237,SAVINGS,INR,470277.86,ACTIVE,2026-02-16 00:00:00
ACC-0636,CUST-0605,LOAN,INR,412260.25,ACTIVE,2025-08-02 00:00:00
ACC-0637,CUST-0169,CREDIT_CARD,INR,82208.77,ACTIVE,2025-05-04 00:00:00
ACC-0638,CUST-0720,CREDIT_CARD,INR,115868.88,ACTIVE,2025-01-20 00:00:00
ACC-0639,CUST-0873,CREDIT_CARD,INR,489146.79,ACTIVE,2026-03-27 00:00:00
ACC-0640,CUST-0458,SAVINGS,INR,263125.59,ACTIVE,2026-04-03 00:00:00
ACC-0641,CUST-0680,SAVINGS,INR,219086.68,ACTIVE,2026-03-27 00:00:00
ACC-0642,CUST-0376,CREDIT_CARD,INR,127195.67,ACTIVE,2024-10-28 00:00:00
ACC-0643,CUST-0362,CURRENT,INR,282743.12,ACTIVE,2024-05-10 00:00:00
ACC-0644,CUST-0698,CREDIT_CARD,INR,341013.82,ACTIVE,2025-02-28 00:00:00
ACC-0645,CUST-0863,CURRENT,INR,434725.84,ACTIVE,2024-08-30 00:00:00
ACC-0646,CUST-0239,LOAN,INR,86783.95,ACTIVE,2025-04-25 00:00:00
ACC-0647,CUST-0032,CURRENT,INR,187118.8,ACTIVE,2024-04-10 00:00:00
ACC-0648,CUST-0102,SAVINGS,INR,335711.92,ACTIVE,2024-05-03 00:00:00
ACC-0649,CUST-0407,CREDIT_CARD,INR,329581.86,ACTIVE,2025-04-18 00:00:00
ACC-0650,CUST-0836,LOAN,INR,102850.4,ACTIVE,2025-09-19 00:00:00
ACC-0651,CUST-0527,LOAN,INR,144059.9,ACTIVE,2024-09-18 00:00:00
ACC-0652,CUST-0001,SAVINGS,INR,322183.93,ACTIVE,2025-02-25 00:00:00
ACC-0653,CUST-0982,CURRENT,INR,459720.35,ACTIVE,2025-12-28 00:00:00
ACC-0654,CUST-0336,CREDIT_CARD,INR,463638.3,ACTIVE,2026-01-03 00:00:00
ACC-0655,CUST-0001,LOAN,INR,158680.95,ACTIVE,2024-12-29 00:00:00
ACC-0656,CUST-0396,CURRENT,INR,285983.4,ACTIVE,2026-05-01 00:00:00
ACC-0657,CUST-0383,CREDIT_CARD,INR,489783.7,ACTIVE,2025-05-15 00:00:00
ACC-0658,CUST-0749,CREDIT_CARD,INR,275920.76,ACTIVE,2025-02-25 00:00:00
ACC-0659,CUST-0268,LOAN,INR,30787.2,ACTIVE,2025-05-26 00:00:00
ACC-0660,CUST-0227,CURRENT,INR,484991.12,ACTIVE,2026-02-25 00:00:00
ACC-0661,CUST-0895,LOAN,INR,438976.69,ACTIVE,2026-02-12 00:00:00
ACC-0662,CUST-0068,SAVINGS,INR,367757.35,ACTIVE,2025-10-10 00:00:00
ACC-0663,CUST-0155,LOAN,INR,77928.47,ACTIVE,2024-11-28 00:00:00
ACC-0664,CUST-0973,CREDIT_CARD,INR,303950.21,ACTIVE,2025-10-06 00:00:00
ACC-0665,CUST-0516,SAVINGS,INR,245234.82,ACTIVE,2024-07-09 00:00:00
ACC-0666,CUST-0114,SAVINGS,INR,342459.24,ACTIVE,2025-01-17 00:00:00
ACC-0667,CUST-0118,CREDIT_CARD,INR,396087.26,ACTIVE,2024-12-04 00:00:00
ACC-0668,CUST-0191,LOAN,INR,276895.0,ACTIVE,2025-02-23 00:00:00
ACC-0669,CUST-0955,CURRENT,INR,258267.08,ACTIVE,2026-01-19 00:00:00
ACC-0670,CUST-0208,CURRENT,INR,187931.65,ACTIVE,2025-04-26 00:00:00
ACC-0671,CUST-0232,LOAN,INR,203415.24,ACTIVE,2024-06-01 00:00:00
ACC-0672,CUST-0300,SAVINGS,INR,239196.69,ACTIVE,2025-10-26 00:00:00
ACC-0673,CUST-0178,CURRENT,INR,43992.19,ACTIVE,2024-05-22 00:00:00
ACC-0674,CUST-0834,CURRENT,INR,348860.45,ACTIVE,2024-09-23 00:00:00
ACC-0675,CUST-0238,CURRENT,INR,431899.45,ACTIVE,2024-04-23 00:00:00
ACC-0676,CUST-0162,CURRENT,INR,332711.35,ACTIVE,2024-09-06 00:00:00
ACC-0677,CUST-0063,CURRENT,INR,281872.41,ACTIVE,2025-02-12 00:00:00
ACC-0678,CUST-0073,LOAN,INR,440979.67,ACTIVE,2024-04-15 00:00:00
ACC-0679,CUST-0657,CURRENT,INR,90960.74,ACTIVE,2025-09-01 00:00:00
ACC-0680,CUST-0527,LOAN,INR,307242.0,ACTIVE,2025-12-09 00:00:00
ACC-0681,CUST-0155,CREDIT_CARD,INR,423519.3,ACTIVE,2024-08-31 00:00:00
ACC-0682,CUST-0792,CURRENT,INR,446282.2,ACTIVE,2025-11-30 00:00:00
ACC-0683,CUST-0131,CREDIT_CARD,INR,486263.32,ACTIVE,2024-11-17 00:00:00
ACC-0684,CUST-0192,CURRENT,INR,59772.03,ACTIVE,2024-09-15 00:00:00
ACC-0685,CUST-0087,LOAN,INR,414888.21,ACTIVE,2025-06-18 00:00:00
ACC-0686,CUST-0061,CREDIT_CARD,INR,292427.29,ACTIVE,2025-10-21 00:00:00
ACC-0687,CUST-0223,LOAN,INR,417783.92,ACTIVE,2026-04-06 00:00:00
ACC-0688,CUST-0421,LOAN,INR,209308.89,ACTIVE,2026-04-09 00:00:00
ACC-0689,CUST-0315,SAVINGS,INR,168743.85,ACTIVE,2024-08-14 00:00:00
ACC-0690,CUST-0435,LOAN,INR,260958.39,ACTIVE,2025-10-08 00:00:00
ACC-0691,CUST-0752,SAVINGS,INR,483474.71,ACTIVE,2025-12-18 00:00:00
ACC-0692,CUST-0785,SAVINGS,INR,487120.99,ACTIVE,2024-06-09 00:00:00
ACC-0693,CUST-0895,SAVINGS,INR,301378.5,ACTIVE,2024-11-25 00:00:00
ACC-0694,CUST-0497,SAVINGS,INR,442949.23,ACTIVE,2026-01-24 00:00:00
ACC-0695,CUST-0047,LOAN,INR,145349.12,ACTIVE,2024-12-30 00:00:00
ACC-0696,CUST-0536,CREDIT_CARD,INR,23483.67,ACTIVE,2026-01-27 00:00:00
ACC-0697,CUST-0572,CREDIT_CARD,INR,5233.08,ACTIVE,2025-01-28 00:00:00
ACC-0698,CUST-0698,CURRENT,INR,232643.43,ACTIVE,2025-11-26 00:00:00
ACC-0699,CUST-0461,CREDIT_CARD,INR,160829.68,ACTIVE,2026-03-07 00:00:00
ACC-0700,CUST-0411,SAVINGS,INR,16339.38,ACTIVE,2025-08-04 00:00:00
ACC-0701,CUST-0562,CREDIT_CARD,INR,381451.84,ACTIVE,2025-08-08 00:00:00
ACC-0702,CUST-0675,CREDIT_CARD,INR,105840.81,ACTIVE,2025-02-23 00:00:00
ACC-0703,CUST-0749,CREDIT_CARD,INR,276504.16,ACTIVE,2024-09-03 00:00:00
ACC-0704,CUST-0374,CREDIT_CARD,INR,366566.29,ACTIVE,2024-11-30 00:00:00
ACC-0705,CUST-0657,CREDIT_CARD,INR,177856.83,ACTIVE,2025-06-28 00:00:00
ACC-0706,CUST-0325,LOAN,INR,324965.79,ACTIVE,2025-01-08 00:00:00
ACC-0707,CUST-0760,CURRENT,INR,423198.93,ACTIVE,2025-06-05 00:00:00
ACC-0708,CUST-0768,LOAN,INR,367476.09,ACTIVE,2025-09-30 00:00:00
ACC-0709,CUST-0310,CURRENT,INR,244613.98,ACTIVE,2024-06-09 00:00:00
ACC-0710,CUST-0647,CREDIT_CARD,INR,58500.15,ACTIVE,2026-02-09 00:00:00
ACC-0711,CUST-0920,LOAN,INR,285759.08,ACTIVE,2025-04-04 00:00:00
ACC-0712,CUST-0090,CREDIT_CARD,INR,84612.41,ACTIVE,2026-04-12 00:00:00
ACC-0713,CUST-0973,CREDIT_CARD,INR,210562.39,ACTIVE,2025-01-17 00:00:00
ACC-0714,CUST-0127,CURRENT,INR,136354.2,ACTIVE,2025-08-29 00:00:00
ACC-0715,CUST-0785,CREDIT_CARD,INR,82815.57,ACTIVE,2026-01-27 00:00:00
ACC-0716,CUST-0794,CURRENT,INR,235866.18,ACTIVE,2025-05-04 00:00:00
ACC-0717,CUST-0125,CURRENT,INR,481993.79,ACTIVE,2025-04-21 00:00:00
ACC-0718,CUST-0710,SAVINGS,INR,97768.03,ACTIVE,2024-06-16 00:00:00
ACC-0719,CUST-0279,SAVINGS,INR,175141.78,ACTIVE,2026-04-20 00:00:00
ACC-0720,CUST-0349,CREDIT_CARD,INR,214385.98,ACTIVE,2024-12-19 00:00:00
ACC-0721,CUST-0747,LOAN,INR,271370.14,ACTIVE,2025-04-15 00:00:00
ACC-0722,CUST-0778,SAVINGS,INR,107059.37,ACTIVE,2024-10-30 00:00:00
ACC-0723,CUST-0607,SAVINGS,INR,177554.79,ACTIVE,2024-10-22 00:00:00
ACC-0724,CUST-0917,SAVINGS,INR,430908.75,ACTIVE,2025-12-26 00:00:00
ACC-0725,CUST-0238,CURRENT,INR,184101.47,ACTIVE,2025-08-09 00:00:00
ACC-0726,CUST-0242,CURRENT,INR,372227.04,ACTIVE,2025-02-02 00:00:00
ACC-0727,CUST-0483,LOAN,INR,119552.95,ACTIVE,2024-06-08 00:00:00
ACC-0728,CUST-0096,CURRENT,INR,37565.01,ACTIVE,2026-01-11 00:00:00
ACC-0729,CUST-0069,CURRENT,INR,298361.51,ACTIVE,2025-02-28 00:00:00
ACC-0730,CUST-0773,SAVINGS,INR,251313.79,ACTIVE,2026-02-21 00:00:00
ACC-0731,CUST-0096,CURRENT,INR,177597.15,ACTIVE,2025-02-09 00:00:00
ACC-0732,CUST-0561,SAVINGS,INR,119337.13,ACTIVE,2025-09-15 00:00:00
ACC-0733,CUST-0819,LOAN,INR,113170.16,ACTIVE,2025-02-03 00:00:00
ACC-0734,CUST-0841,CREDIT_CARD,INR,469597.38,ACTIVE,2024-10-13 00:00:00
ACC-0735,CUST-0852,CURRENT,INR,292327.76,ACTIVE,2024-08-12 00:00:00
ACC-0736,CUST-0071,CREDIT_CARD,INR,285305.97,ACTIVE,2025-01-15 00:00:00
ACC-0737,CUST-0069,CURRENT,INR,61987.08,ACTIVE,2024-12-26 00:00:00
ACC-0738,CUST-0715,CURRENT,INR,485227.26,ACTIVE,2026-03-10 00:00:00
ACC-0739,CUST-0124,CREDIT_CARD,INR,99775.08,ACTIVE,2024-06-08 00:00:00
ACC-0740,CUST-0715,CREDIT_CARD,INR,210313.58,ACTIVE,2025-12-09 00:00:00
ACC-0741,CUST-0355,CURRENT,INR,187950.03,ACTIVE,2025-11-22 00:00:00
ACC-0742,CUST-0539,CREDIT_CARD,INR,108685.52,ACTIVE,2025-03-20 00:00:00
ACC-0743,CUST-0837,LOAN,INR,52345.15,ACTIVE,2025-01-08 00:00:00
ACC-0744,CUST-0763,CURRENT,INR,455397.85,ACTIVE,2025-04-30 00:00:00
ACC-0745,CUST-0889,CURRENT,INR,170468.72,ACTIVE,2025-03-08 00:00:00
ACC-0746,CUST-0112,SAVINGS,INR,464445.34,ACTIVE,2024-06-16 00:00:00
ACC-0747,CUST-0282,LOAN,INR,481341.51,ACTIVE,2024-05-07 00:00:00
ACC-0748,CUST-0882,SAVINGS,INR,53799.11,ACTIVE,2025-03-04 00:00:00
ACC-0749,CUST-0925,CURRENT,INR,47891.5,ACTIVE,2025-11-15 00:00:00
ACC-0750,CUST-0868,LOAN,INR,83147.25,ACTIVE,2024-11-15 00:00:00
ACC-0751,CUST-0527,LOAN,INR,358839.17,ACTIVE,2025-08-02 00:00:00
ACC-0752,CUST-0655,SAVINGS,INR,172412.55,ACTIVE,2026-01-15 00:00:00
ACC-0753,CUST-0112,CREDIT_CARD,INR,302344.22,ACTIVE,2025-11-07 00:00:00
ACC-0754,CUST-0199,CREDIT_CARD,INR,313249.87,ACTIVE,2025-03-18 00:00:00
ACC-0755,CUST-0600,SAVINGS,INR,172057.41,ACTIVE,2025-05-13 00:00:00
ACC-0756,CUST-0124,CURRENT,INR,424909.58,ACTIVE,2024-04-14 00:00:00
ACC-0757,CUST-0615,CURRENT,INR,226044.4,ACTIVE,2024-08-25 00:00:00
ACC-0758,CUST-0256,LOAN,INR,55093.42,ACTIVE,2024-12-21 00:00:00
ACC-0759,CUST-0446,SAVINGS,INR,353186.16,ACTIVE,2026-02-19 00:00:00
ACC-0760,CUST-0137,CREDIT_CARD,INR,348637.38,ACTIVE,2025-05-31 00:00:00
ACC-0761,CUST-0859,SAVINGS,INR,489867.82,ACTIVE,2024-06-01 00:00:00
ACC-0762,CUST-0273,CREDIT_CARD,INR,321493.1,ACTIVE,2025-09-06 00:00:00
ACC-0763,CUST-0795,CREDIT_CARD,INR,252137.38,ACTIVE,2025-08-28 00:00:00
ACC-0764,CUST-0699,LOAN,INR,196098.47,ACTIVE,2025-08-25 00:00:00
ACC-0765,CUST-0092,CURRENT,INR,466331.02,ACTIVE,2025-08-30 00:00:00
ACC-0766,CUST-0077,CREDIT_CARD,INR,320858.33,ACTIVE,2025-08-03 00:00:00
ACC-0767,CUST-0388,CREDIT_CARD,INR,61715.72,ACTIVE,2026-04-22 00:00:00
ACC-0768,CUST-0747,CREDIT_CARD,INR,178709.61,ACTIVE,2026-02-16 00:00:00
ACC-0769,CUST-0131,CREDIT_CARD,INR,307020.04,ACTIVE,2024-11-23 00:00:00
ACC-0770,CUST-0870,LOAN,INR,304351.51,ACTIVE,2025-03-19 00:00:00
ACC-0771,CUST-0575,SAVINGS,INR,8086.4,ACTIVE,2026-01-18 00:00:00
ACC-0772,CUST-0651,LOAN,INR,194181.48,ACTIVE,2026-05-02 00:00:00
ACC-0773,CUST-0124,SAVINGS,INR,411600.81,ACTIVE,2024-07-17 00:00:00
ACC-0774,CUST-0068,CURRENT,INR,470776.18,ACTIVE,2024-08-19 00:00:00
ACC-0775,CUST-0553,CURRENT,INR,410324.35,ACTIVE,2025-05-09 00:00:00
ACC-0776,CUST-0517,LOAN,INR,214325.69,ACTIVE,2025-04-02 00:00:00
ACC-0777,CUST-0045,CREDIT_CARD,INR,65228.19,ACTIVE,2025-09-27 00:00:00
ACC-0778,CUST-0699,CURRENT,INR,404848.4,ACTIVE,2025-07-05 00:00:00
ACC-0779,CUST-0581,CURRENT,INR,32699.45,ACTIVE,2024-06-02 00:00:00
ACC-0780,CUST-0433,CREDIT_CARD,INR,167823.68,ACTIVE,2024-05-04 00:00:00
ACC-0781,CUST-0070,SAVINGS,INR,325404.73,ACTIVE,2024-06-09 00:00:00
ACC-0782,CUST-0991,CREDIT_CARD,INR,248878.52,ACTIVE,2024-05-14 00:00:00
ACC-0783,CUST-0593,LOAN,INR,474839.69,ACTIVE,2025-01-25 00:00:00
ACC-0784,CUST-0931,CURRENT,INR,83326.29,ACTIVE,2024-06-03 00:00:00
ACC-0785,CUST-0927,CREDIT_CARD,INR,384363.97,ACTIVE,2025-11-28 00:00:00
ACC-0786,CUST-0675,CREDIT_CARD,INR,28199.16,ACTIVE,2025-04-12 00:00:00
ACC-0787,CUST-0697,CURRENT,INR,392346.83,ACTIVE,2024-05-17 00:00:00
ACC-0788,CUST-0508,CURRENT,INR,74406.96,ACTIVE,2025-02-02 00:00:00
ACC-0789,CUST-0352,SAVINGS,INR,158063.82,ACTIVE,2025-09-22 00:00:00
ACC-0790,CUST-0642,LOAN,INR,378088.18,ACTIVE,2025-10-27 00:00:00
ACC-0791,CUST-0225,CURRENT,INR,304633.73,ACTIVE,2025-05-19 00:00:00
ACC-0792,CUST-0864,CURRENT,INR,98721.63,ACTIVE,2024-10-24 00:00:00
ACC-0793,CUST-0840,CREDIT_CARD,INR,425767.65,ACTIVE,2024-06-20 00:00:00
ACC-0794,CUST-0361,CURRENT,INR,447583.1,ACTIVE,2024-10-19 00:00:00
ACC-0795,CUST-0363,CURRENT,INR,290961.01,ACTIVE,2025-01-23 00:00:00
ACC-0796,CUST-0669,CURRENT,INR,276837.79,ACTIVE,2025-04-08 00:00:00
ACC-0797,CUST-0944,CURRENT,INR,14293.06,ACTIVE,2025-10-14 00:00:00
ACC-0798,CUST-0173,LOAN,INR,437241.53,ACTIVE,2026-02-10 00:00:00
ACC-0799,CUST-0343,SAVINGS,INR,19757.22,ACTIVE,2026-03-15 00:00:00
ACC-0800,CUST-0574,CURRENT,INR,22518.95,ACTIVE,2024-09-12 00:00:00
ACC-0801,CUST-0366,SAVINGS,INR,242665.17,ACTIVE,2025-07-10 00:00:00
ACC-0802,CUST-0817,LOAN,INR,251874.81,ACTIVE,2025-08-24 00:00:00
ACC-0803,CUST-0821,LOAN,INR,247974.97,ACTIVE,2025-03-07 00:00:00
ACC-0804,CUST-0308,CREDIT_CARD,INR,372025.46,ACTIVE,2025-01-26 00:00:00
ACC-0805,CUST-0029,CURRENT,INR,269257.52,ACTIVE,2025-07-07 00:00:00
ACC-0806,CUST-0059,CURRENT,INR,260401.76,ACTIVE,2025-10-21 00:00:00
ACC-0807,CUST-0741,CURRENT,INR,476145.29,ACTIVE,2025-07-22 00:00:00
ACC-0808,CUST-0618,CREDIT_CARD,INR,107776.21,ACTIVE,2024-08-08 00:00:00
ACC-0809,CUST-0055,CURRENT,INR,414902.84,ACTIVE,2024-06-05 00:00:00
ACC-0810,CUST-0746,LOAN,INR,140211.01,ACTIVE,2026-01-28 00:00:00
ACC-0811,CUST-0073,CREDIT_CARD,INR,418535.58,ACTIVE,2025-05-03 00:00:00
ACC-0812,CUST-0841,LOAN,INR,217577.29,ACTIVE,2026-03-08 00:00:00
ACC-0813,CUST-0323,CREDIT_CARD,INR,192440.63,ACTIVE,2026-03-07 00:00:00
ACC-0814,CUST-0507,LOAN,INR,194630.27,ACTIVE,2024-12-28 00:00:00
ACC-0815,CUST-0651,LOAN,INR,272291.22,ACTIVE,2025-04-22 00:00:00
ACC-0816,CUST-0554,CREDIT_CARD,INR,436496.41,ACTIVE,2025-07-03 00:00:00
ACC-0817,CUST-0728,CREDIT_CARD,INR,437509.18,ACTIVE,2025-05-08 00:00:00
ACC-0818,CUST-0227,LOAN,INR,107514.38,ACTIVE,2025-02-03 00:00:00
ACC-0819,CUST-0502,CURRENT,INR,321229.9,ACTIVE,2024-05-12 00:00:00
ACC-0820,CUST-0416,CREDIT_CARD,INR,77751.81,ACTIVE,2024-10-21 00:00:00
ACC-0821,CUST-0033,CURRENT,INR,413122.34,ACTIVE,2026-01-13 00:00:00
ACC-0822,CUST-0867,CREDIT_CARD,INR,13900.87,ACTIVE,2024-12-22 00:00:00
ACC-0823,CUST-0108,SAVINGS,INR,186115.8,ACTIVE,2025-06-24 00:00:00
ACC-0824,CUST-0103,CREDIT_CARD,INR,214901.53,ACTIVE,2024-05-19 00:00:00
ACC-0825,CUST-0030,CREDIT_CARD,INR,86979.36,ACTIVE,2025-12-01 00:00:00
ACC-0826,CUST-0110,CREDIT_CARD,INR,196399.65,ACTIVE,2025-12-08 00:00:00
ACC-0827,CUST-0844,SAVINGS,INR,372034.85,ACTIVE,2024-05-17 00:00:00
ACC-0828,CUST-0897,LOAN,INR,144671.87,ACTIVE,2025-06-16 00:00:00
ACC-0829,CUST-0242,CREDIT_CARD,INR,287243.51,ACTIVE,2024-12-05 00:00:00
ACC-0830,CUST-0902,LOAN,INR,407815.3,ACTIVE,2025-11-05 00:00:00
ACC-0831,CUST-0968,LOAN,INR,161838.5,ACTIVE,2025-05-09 00:00:00
ACC-0832,CUST-0962,CURRENT,INR,138920.43,ACTIVE,2026-02-26 00:00:00
ACC-0833,CUST-0849,SAVINGS,INR,409526.52,ACTIVE,2024-06-10 00:00:00
ACC-0834,CUST-0221,SAVINGS,INR,198315.82,ACTIVE,2025-12-30 00:00:00
ACC-0835,CUST-0405,CURRENT,INR,209431.54,ACTIVE,2024-05-27 00:00:00
ACC-0836,CUST-0084,CURRENT,INR,158474.43,ACTIVE,2025-06-10 00:00:00
ACC-0837,CUST-0373,CURRENT,INR,300195.96,ACTIVE,2025-01-24 00:00:00
ACC-0838,CUST-0938,CREDIT_CARD,INR,320955.97,ACTIVE,2025-01-09 00:00:00
ACC-0839,CUST-0663,CURRENT,INR,397452.66,ACTIVE,2025-12-19 00:00:00
ACC-0840,CUST-0066,LOAN,INR,109462.74,ACTIVE,2025-08-12 00:00:00
ACC-0841,CUST-0895,CREDIT_CARD,INR,114274.83,ACTIVE,2025-08-05 00:00:00
ACC-0842,CUST-0027,CREDIT_CARD,INR,169235.6,ACTIVE,2024-10-29 00:00:00
ACC-0843,CUST-0479,CURRENT,INR,201797.93,ACTIVE,2025-03-03 00:00:00
ACC-0844,CUST-0680,SAVINGS,INR,84641.81,ACTIVE,2024-06-04 00:00:00
ACC-0845,CUST-0122,LOAN,INR,429166.78,ACTIVE,2026-01-27 00:00:00
ACC-0846,CUST-0707,LOAN,INR,361433.89,ACTIVE,2024-10-29 00:00:00
ACC-0847,CUST-0581,CREDIT_CARD,INR,120744.77,ACTIVE,2024-07-03 00:00:00
ACC-0848,CUST-0863,CURRENT,INR,398806.07,ACTIVE,2025-12-17 00:00:00
ACC-0849,CUST-0998,LOAN,INR,128659.39,ACTIVE,2024-07-17 00:00:00
ACC-0850,CUST-0143,SAVINGS,INR,195652.24,ACTIVE,2025-11-16 00:00:00
ACC-0851,CUST-0933,LOAN,INR,300190.83,ACTIVE,2024-04-24 00:00:00
ACC-0852,CUST-0954,LOAN,INR,230617.07,ACTIVE,2024-09-11 00:00:00
ACC-0853,CUST-0775,CURRENT,INR,363148.68,ACTIVE,2024-05-02 00:00:00
ACC-0854,CUST-0090,LOAN,INR,270174.75,ACTIVE,2024-09-05 00:00:00
ACC-0855,CUST-0108,CURRENT,INR,183284.74,ACTIVE,2024-08-20 00:00:00
ACC-0856,CUST-0488,CREDIT_CARD,INR,426352.24,ACTIVE,2024-04-01 00:00:00
ACC-0857,CUST-0611,SAVINGS,INR,41894.47,ACTIVE,2025-01-31 00:00:00
ACC-0858,CUST-0005,CREDIT_CARD,INR,232098.84,ACTIVE,2026-05-02 00:00:00
ACC-0859,CUST-0170,CURRENT,INR,271466.74,ACTIVE,2026-04-28 00:00:00
ACC-0860,CUST-0474,SAVINGS,INR,239067.89,ACTIVE,2025-08-17 00:00:00
ACC-0861,CUST-0863,SAVINGS,INR,451277.61,ACTIVE,2024-04-26 00:00:00
ACC-0862,CUST-0039,CURRENT,INR,372126.89,ACTIVE,2024-04-09 00:00:00
ACC-0863,CUST-0613,SAVINGS,INR,326887.06,ACTIVE,2025-02-21 00:00:00
ACC-0864,CUST-0946,SAVINGS,INR,86570.46,ACTIVE,2025-03-14 00:00:00
ACC-0865,CUST-0336,CURRENT,INR,377904.98,ACTIVE,2024-09-29 00:00:00
ACC-0866,CUST-0673,CURRENT,INR,355257.9,ACTIVE,2026-01-12 00:00:00
ACC-0867,CUST-0431,LOAN,INR,264304.23,ACTIVE,2024-11-05 00:00:00
ACC-0868,CUST-0660,CURRENT,INR,360094.29,ACTIVE,2026-01-12 00:00:00
ACC-0869,CUST-0965,CURRENT,INR,108334.32,ACTIVE,2024-04-21 00:00:00
ACC-0870,CUST-0979,CURRENT,INR,479046.33,ACTIVE,2024-09-03 00:00:00
ACC-0871,CUST-0303,LOAN,INR,254510.32,ACTIVE,2026-04-19 00:00:00
ACC-0872,CUST-0492,CREDIT_CARD,INR,195395.33,ACTIVE,2024-09-07 00:00:00
ACC-0873,CUST-0816,CREDIT_CARD,INR,73447.78,ACTIVE,2025-05-14 00:00:00
ACC-0874,CUST-0441,CURRENT,INR,64734.67,ACTIVE,2025-01-28 00:00:00
ACC-0875,CUST-0187,SAVINGS,INR,268653.39,ACTIVE,2024-08-15 00:00:00
ACC-0876,CUST-0328,SAVINGS,INR,491602.04,ACTIVE,2025-05-12 00:00:00
ACC-0877,CUST-0947,CURRENT,INR,78407.23,ACTIVE,2025-03-28 00:00:00
ACC-0878,CUST-0069,CREDIT_CARD,INR,278233.0,ACTIVE,2024-05-01 00:00:00
ACC-0879,CUST-0298,SAVINGS,INR,167640.89,ACTIVE,2025-07-30 00:00:00
ACC-0880,CUST-0900,SAVINGS,INR,324324.29,ACTIVE,2025-05-18 00:00:00
ACC-0881,CUST-0194,LOAN,INR,498915.2,ACTIVE,2025-04-29 00:00:00
ACC-0882,CUST-0799,LOAN,INR,221928.99,ACTIVE,2024-08-21 00:00:00
ACC-0883,CUST-0941,CURRENT,INR,143556.24,ACTIVE,2026-02-26 00:00:00
ACC-0884,CUST-0436,CREDIT_CARD,INR,485236.13,ACTIVE,2025-08-06 00:00:00
ACC-0885,CUST-0678,LOAN,INR,252028.51,ACTIVE,2025-06-18 00:00:00
ACC-0886,CUST-0093,CURRENT,INR,150972.05,ACTIVE,2024-04-12 00:00:00
ACC-0887,CUST-0598,LOAN,INR,331049.6,ACTIVE,2025-02-20 00:00:00
ACC-0888,CUST-0508,CURRENT,INR,177736.32,ACTIVE,2024-11-01 00:00:00
ACC-0889,CUST-0709,LOAN,INR,106696.53,ACTIVE,2026-04-19 00:00:00
ACC-0890,CUST-0811,CREDIT_CARD,INR,352559.0,ACTIVE,2024-12-28 00:00:00
ACC-0891,CUST-0758,CREDIT_CARD,INR,51728.6,ACTIVE,2026-01-16 00:00:00
ACC-0892,CUST-0542,LOAN,INR,293812.4,ACTIVE,2025-11-17 00:00:00
ACC-0893,CUST-0848,CREDIT_CARD,INR,244035.77,ACTIVE,2024-05-14 00:00:00
ACC-0894,CUST-0715,CURRENT,INR,439373.74,ACTIVE,2025-12-16 00:00:00
ACC-0895,CUST-0392,CURRENT,INR,472108.51,ACTIVE,2024-11-27 00:00:00
ACC-0896,CUST-0694,CREDIT_CARD,INR,312540.42,ACTIVE,2025-08-02 00:00:00
ACC-0897,CUST-0560,LOAN,INR,180785.06,ACTIVE,2026-02-13 00:00:00
ACC-0898,CUST-0489,SAVINGS,INR,73170.03,ACTIVE,2024-06-30 00:00:00
ACC-0899,CUST-0767,SAVINGS,INR,134765.16,ACTIVE,2025-02-16 00:00:00
ACC-0900,CUST-0922,CURRENT,INR,397433.15,ACTIVE,2025-03-06 00:00:00
ACC-0901,CUST-0863,CREDIT_CARD,INR,318548.89,ACTIVE,2025-05-18 00:00:00
ACC-0902,CUST-0766,SAVINGS,INR,121785.64,ACTIVE,2025-10-29 00:00:00
ACC-0903,CUST-0318,CREDIT_CARD,INR,395548.37,ACTIVE,2024-09-02 00:00:00
ACC-0904,CUST-0646,CREDIT_CARD,INR,146795.03,ACTIVE,2024-07-17 00:00:00
ACC-0905,CUST-0715,LOAN,INR,223888.48,ACTIVE,2024-04-08 00:00:00
ACC-0906,CUST-0947,CURRENT,INR,346662.88,ACTIVE,2025-12-05 00:00:00
ACC-0907,CUST-0632,CURRENT,INR,350217.47,ACTIVE,2024-12-28 00:00:00
ACC-0908,CUST-0172,CREDIT_CARD,INR,233659.36,ACTIVE,2025-05-25 00:00:00
ACC-0909,CUST-0604,SAVINGS,INR,286867.63,ACTIVE,2025-10-18 00:00:00
ACC-0910,CUST-0555,CREDIT_CARD,INR,6827.09,ACTIVE,2025-11-01 00:00:00
ACC-0911,CUST-0304,SAVINGS,INR,121290.73,ACTIVE,2024-07-06 00:00:00
ACC-0912,CUST-0114,CURRENT,INR,454240.28,ACTIVE,2025-03-29 00:00:00
ACC-0913,CUST-0301,LOAN,INR,453160.49,ACTIVE,2024-06-28 00:00:00
ACC-0914,CUST-0041,CURRENT,INR,102285.99,ACTIVE,2026-01-12 00:00:00
ACC-0915,CUST-0841,CURRENT,INR,102256.03,ACTIVE,2025-02-19 00:00:00
ACC-0916,CUST-0835,LOAN,INR,274515.67,ACTIVE,2025-09-22 00:00:00
ACC-0917,CUST-0199,CREDIT_CARD,INR,227235.72,ACTIVE,2024-08-14 00:00:00
ACC-0918,CUST-0231,LOAN,INR,312266.61,ACTIVE,2025-04-29 00:00:00
ACC-0919,CUST-0422,LOAN,INR,53445.95,ACTIVE,2024-07-17 00:00:00
ACC-0920,CUST-0224,CREDIT_CARD,INR,309085.0,ACTIVE,2025-11-18 00:00:00
ACC-0921,CUST-0938,LOAN,INR,93411.25,ACTIVE,2026-03-02 00:00:00
ACC-0922,CUST-0759,CREDIT_CARD,INR,118486.57,ACTIVE,2025-08-30 00:00:00
ACC-0923,CUST-0985,CURRENT,INR,79565.37,ACTIVE,2025-06-23 00:00:00
ACC-0924,CUST-0074,LOAN,INR,442373.75,ACTIVE,2024-04-26 00:00:00
ACC-0925,CUST-0224,SAVINGS,INR,58111.5,ACTIVE,2025-07-16 00:00:00
ACC-0926,CUST-0398,CREDIT_CARD,INR,25612.91,ACTIVE,2025-06-11 00:00:00
ACC-0927,CUST-0363,SAVINGS,INR,25231.36,ACTIVE,2025-11-15 00:00:00
ACC-0928,CUST-0647,CREDIT_CARD,INR,474316.24,ACTIVE,2024-09-21 00:00:00
ACC-0929,CUST-0486,CURRENT,INR,350805.36,ACTIVE,2024-05-29 00:00:00
ACC-0930,CUST-0556,LOAN,INR,469173.27,ACTIVE,2025-05-20 00:00:00
ACC-0931,CUST-0390,CREDIT_CARD,INR,79586.21,ACTIVE,2024-07-09 00:00:00
ACC-0932,CUST-0897,LOAN,INR,290446.25,ACTIVE,2026-04-24 00:00:00
ACC-0933,CUST-0847,CURRENT,INR,14289.17,ACTIVE,2024-09-25 00:00:00
ACC-0934,CUST-0063,SAVINGS,INR,51880.58,ACTIVE,2026-04-17 00:00:00
ACC-0935,CUST-0351,SAVINGS,INR,342203.78,ACTIVE,2025-07-18 00:00:00
ACC-0936,CUST-0356,SAVINGS,INR,49947.74,ACTIVE,2024-06-24 00:00:00
ACC-0937,CUST-0608,CURRENT,INR,379049.11,ACTIVE,2026-04-07 00:00:00
ACC-0938,CUST-0776,CREDIT_CARD,INR,269090.32,ACTIVE,2025-02-27 00:00:00
ACC-0939,CUST-0058,CREDIT_CARD,INR,426932.82,ACTIVE,2024-09-04 00:00:00
ACC-0940,CUST-0220,LOAN,INR,129720.91,ACTIVE,2026-02-11 00:00:00
ACC-0941,CUST-0118,SAVINGS,INR,193801.59,ACTIVE,2025-06-21 00:00:00
ACC-0942,CUST-0292,LOAN,INR,224066.93,ACTIVE,2024-04-26 00:00:00
ACC-0943,CUST-0728,CREDIT_CARD,INR,112071.6,ACTIVE,2026-04-06 00:00:00
ACC-0944,CUST-0650,CREDIT_CARD,INR,133407.59,ACTIVE,2025-10-10 00:00:00
ACC-0945,CUST-0118,SAVINGS,INR,71489.44,ACTIVE,2025-09-26 00:00:00
ACC-0946,CUST-0821,SAVINGS,INR,147329.5,ACTIVE,2026-05-02 00:00:00
ACC-0947,CUST-0196,CURRENT,INR,150682.34,ACTIVE,2024-05-02 00:00:00
ACC-0948,CUST-0680,CREDIT_CARD,INR,225675.9,ACTIVE,2026-03-17 00:00:00
ACC-0949,CUST-0593,LOAN,INR,196077.91,ACTIVE,2025-05-05 00:00:00
ACC-0950,CUST-0416,CREDIT_CARD,INR,236850.82,ACTIVE,2024-07-12 00:00:00
ACC-0951,CUST-0047,SAVINGS,INR,153767.2,ACTIVE,2026-03-13 00:00:00
ACC-0952,CUST-0222,CURRENT,INR,330971.48,ACTIVE,2025-04-17 00:00:00
ACC-0953,CUST-0860,CURRENT,INR,39911.98,ACTIVE,2025-08-09 00:00:00
ACC-0954,CUST-0281,LOAN,INR,40634.47,ACTIVE,2025-11-28 00:00:00
ACC-0955,CUST-0837,SAVINGS,INR,226085.84,ACTIVE,2024-06-29 00:00:00
ACC-0956,CUST-0454,CURRENT,INR,16579.72,ACTIVE,2025-08-30 00:00:00
ACC-0957,CUST-0001,LOAN,INR,14773.19,ACTIVE,2024-04-15 00:00:00
ACC-0958,CUST-0411,CREDIT_CARD,INR,188073.13,ACTIVE,2025-07-16 00:00:00
ACC-0959,CUST-0020,LOAN,INR,499799.64,ACTIVE,2025-02-26 00:00:00
ACC-0960,CUST-0006,LOAN,INR,200596.98,ACTIVE,2024-06-19 00:00:00
ACC-0961,CUST-0238,CURRENT,INR,54711.17,ACTIVE,2025-12-01 00:00:00
ACC-0962,CUST-0497,CREDIT_CARD,INR,31553.58,ACTIVE,2025-02-13 00:00:00
ACC-0963,CUST-0290,CURRENT,INR,272606.07,ACTIVE,2025-04-03 00:00:00
ACC-0964,CUST-0428,LOAN,INR,283264.7,ACTIVE,2024-10-13 00:00:00
ACC-0965,CUST-0842,CREDIT_CARD,INR,155041.88,ACTIVE,2025-11-17 00:00:00
ACC-0966,CUST-0667,CURRENT,INR,14705.08,ACTIVE,2026-02-25 00:00:00
ACC-0967,CUST-0211,LOAN,INR,300939.3,ACTIVE,2024-05-20 00:00:00
ACC-0968,CUST-0672,SAVINGS,INR,411574.3,ACTIVE,2025-09-04 00:00:00
ACC-0969,CUST-0188,CREDIT_CARD,INR,152717.42,ACTIVE,2026-04-03 00:00:00
ACC-0970,CUST-0095,CURRENT,INR,139510.5,ACTIVE,2024-07-16 00:00:00
ACC-0971,CUST-0907,LOAN,INR,343460.95,ACTIVE,2024-07-09 00:00:00
ACC-0972,CUST-0064,LOAN,INR,187971.75,ACTIVE,2025-05-09 00:00:00
ACC-0973,CUST-0752,LOAN,INR,339824.51,ACTIVE,2025-07-07 00:00:00
ACC-0974,CUST-0503,CREDIT_CARD,INR,338474.15,ACTIVE,2025-05-11 00:00:00
ACC-0975,CUST-0618,CURRENT,INR,290111.4,ACTIVE,2025-05-05 00:00:00
ACC-0976,CUST-0840,LOAN,INR,228809.62,ACTIVE,2024-04-18 00:00:00
ACC-0977,CUST-0072,SAVINGS,INR,98916.07,ACTIVE,2024-11-29 00:00:00
ACC-0978,CUST-0778,CREDIT_CARD,INR,436808.28,ACTIVE,2025-04-07 00:00:00
ACC-0979,CUST-0797,CURRENT,INR,480722.37,ACTIVE,2024-06-29 00:00:00
ACC-0980,CUST-0037,LOAN,INR,142249.85,ACTIVE,2024-12-24 00:00:00
ACC-0981,CUST-0876,CURRENT,INR,124523.84,ACTIVE,2024-11-25 00:00:00
ACC-0982,CUST-0079,SAVINGS,INR,193709.21,ACTIVE,2024-07-27 00:00:00
ACC-0983,CUST-0654,CURRENT,INR,149527.95,ACTIVE,2025-02-28 00:00:00
ACC-0984,CUST-0744,SAVINGS,INR,39395.83,ACTIVE,2024-11-12 00:00:00
ACC-0985,CUST-0177,CURRENT,INR,327881.94,ACTIVE,2025-01-29 00:00:00
ACC-0986,CUST-0682,LOAN,INR,369136.74,ACTIVE,2025-11-10 00:00:00
ACC-0987,CUST-0523,SAVINGS,INR,337090.82,ACTIVE,2025-04-29 00:00:00
ACC-0988,CUST-0318,CREDIT_CARD,INR,268794.11,ACTIVE,2025-01-17 00:00:00
ACC-0989,CUST-0839,SAVINGS,INR,191895.48,ACTIVE,2024-09-09 00:00:00
ACC-0990,CUST-0878,CURRENT,INR,284100.34,ACTIVE,2025-08-31 00:00:00
ACC-0991,CUST-0745,LOAN,INR,126967.54,ACTIVE,2025-01-31 00:00:00
ACC-0992,CUST-0864,LOAN,INR,259928.02,ACTIVE,2024-10-22 00:00:00
ACC-0993,CUST-0543,SAVINGS,INR,17956.62,ACTIVE,2025-07-22 00:00:00
ACC-0994,CUST-0871,CREDIT_CARD,INR,117655.53,ACTIVE,2025-03-03 00:00:00
ACC-0995,CUST-0673,LOAN,INR,273111.92,ACTIVE,2025-08-23 00:00:00
ACC-0996,CUST-0959,LOAN,INR,301399.45,ACTIVE,2024-06-05 00:00:00
ACC-0997,CUST-0733,CURRENT,INR,212722.42,ACTIVE,2025-06-16 00:00:00
ACC-0998,CUST-0675,CURRENT,INR,216689.97,ACTIVE,2025-01-27 00:00:00
ACC-0999,CUST-0093,CURRENT,INR,276970.1,ACTIVE,2025-07-30 00:00:00
ACC-1000,CUST-0049,SAVINGS,INR,85317.06,ACTIVE,2024-10-01 00:00:00
ACC-1001,CUST-0910,LOAN,INR,390409.04,ACTIVE,2024-10-08 00:00:00
ACC-1002,CUST-0034,SAVINGS,INR,38237.08,ACTIVE,2024-10-28 00:00:00
ACC-1003,CUST-0500,SAVINGS,INR,103096.42,ACTIVE,2024-11-26 00:00:00
ACC-1004,CUST-0883,LOAN,INR,255770.11,ACTIVE,2024-11-18 00:00:00
ACC-1005,CUST-0562,CURRENT,INR,48961.9,ACTIVE,2025-08-15 00:00:00
ACC-1006,CUST-0992,SAVINGS,INR,482675.24,ACTIVE,2025-07-16 00:00:00
ACC-1007,CUST-0720,SAVINGS,INR,17582.07,ACTIVE,2025-07-23 00:00:00
ACC-1008,CUST-0736,SAVINGS,INR,454849.1,ACTIVE,2025-02-16 00:00:00
ACC-1009,CUST-0925,LOAN,INR,357891.14,ACTIVE,2024-08-04 00:00:00
ACC-1010,CUST-0762,LOAN,INR,17606.06,ACTIVE,2025-07-03 00:00:00
ACC-1011,CUST-0562,CURRENT,INR,365654.28,ACTIVE,2024-06-08 00:00:00
ACC-1012,CUST-0116,CURRENT,INR,5537.93,ACTIVE,2026-03-29 00:00:00
ACC-1013,CUST-0171,SAVINGS,INR,47262.04,ACTIVE,2025-10-24 00:00:00
ACC-1014,CUST-0020,CREDIT_CARD,INR,191655.76,ACTIVE,2024-12-22 00:00:00
ACC-1015,CUST-0835,CURRENT,INR,338164.6,ACTIVE,2025-11-08 00:00:00
ACC-1016,CUST-0258,SAVINGS,INR,180175.65,ACTIVE,2024-07-27 00:00:00
ACC-1017,CUST-0803,LOAN,INR,428648.3,ACTIVE,2025-05-29 00:00:00
ACC-1018,CUST-0152,LOAN,INR,250255.38,ACTIVE,2026-03-16 00:00:00
ACC-1019,CUST-0691,CREDIT_CARD,INR,252032.48,ACTIVE,2025-03-04 00:00:00
ACC-1020,CUST-0608,CREDIT_CARD,INR,380014.4,ACTIVE,2024-06-27 00:00:00
ACC-1021,CUST-0697,LOAN,INR,170914.09,ACTIVE,2025-08-26 00:00:00
ACC-1022,CUST-0123,CREDIT_CARD,INR,240670.6,ACTIVE,2026-04-22 00:00:00
ACC-1023,CUST-0665,CURRENT,INR,103419.12,ACTIVE,2024-09-09 00:00:00
ACC-1024,CUST-0876,CURRENT,INR,332871.22,ACTIVE,2024-06-02 00:00:00
ACC-1025,CUST-0507,LOAN,INR,26289.58,ACTIVE,2025-11-13 00:00:00
ACC-1026,CUST-0560,SAVINGS,INR,141700.57,ACTIVE,2024-08-16 00:00:00
ACC-1027,CUST-0550,LOAN,INR,257415.54,ACTIVE,2026-03-24 00:00:00
ACC-1028,CUST-0941,CURRENT,INR,292022.54,ACTIVE,2024-12-31 00:00:00
ACC-1029,CUST-0178,SAVINGS,INR,481651.56,ACTIVE,2026-02-17 00:00:00
ACC-1030,CUST-0840,SAVINGS,INR,458151.71,ACTIVE,2026-01-01 00:00:00
ACC-1031,CUST-0870,CURRENT,INR,127480.44,ACTIVE,2025-04-17 00:00:00
ACC-1032,CUST-0356,CURRENT,INR,435863.19,ACTIVE,2025-12-28 00:00:00
ACC-1033,CUST-0563,CREDIT_CARD,INR,289632.32,ACTIVE,2026-02-10 00:00:00
ACC-1034,CUST-0816,LOAN,INR,184643.51,ACTIVE,2024-11-05 00:00:00
ACC-1035,CUST-0721,LOAN,INR,455552.66,ACTIVE,2026-01-22 00:00:00
ACC-1036,CUST-0812,SAVINGS,INR,184246.39,ACTIVE,2026-02-20 00:00:00
ACC-1037,CUST-0396,SAVINGS,INR,480079.16,ACTIVE,2024-08-09 00:00:00
ACC-1038,CUST-0948,CREDIT_CARD,INR,230629.86,ACTIVE,2026-04-29 00:00:00
ACC-1039,CUST-0396,CURRENT,INR,10833.09,ACTIVE,2025-04-30 00:00:00
ACC-1040,CUST-0512,LOAN,INR,397218.68,ACTIVE,2025-09-13 00:00:00
ACC-1041,CUST-0378,SAVINGS,INR,394301.81,ACTIVE,2025-04-18 00:00:00
ACC-1042,CUST-0657,CURRENT,INR,429469.03,ACTIVE,2024-08-12 00:00:00
ACC-1043,CUST-0019,LOAN,INR,182476.9,ACTIVE,2025-02-10 00:00:00
ACC-1044,CUST-0264,CURRENT,INR,251509.36,ACTIVE,2025-07-31 00:00:00
ACC-1045,CUST-0967,CURRENT,INR,487192.91,ACTIVE,2024-08-21 00:00:00
ACC-1046,CUST-0842,SAVINGS,INR,14845.23,ACTIVE,2024-08-15 00:00:00
ACC-1047,CUST-0376,CREDIT_CARD,INR,52071.51,ACTIVE,2025-01-05 00:00:00
ACC-1048,CUST-0177,LOAN,INR,10768.81,ACTIVE,2024-05-28 00:00:00
ACC-1049,CUST-0497,LOAN,INR,192101.08,ACTIVE,2025-02-17 00:00:00
ACC-1050,CUST-0642,CURRENT,INR,53893.07,ACTIVE,2024-07-14 00:00:00
ACC-1051,CUST-0013,CURRENT,INR,331056.35,ACTIVE,2024-11-22 00:00:00
ACC-1052,CUST-0449,SAVINGS,INR,109796.86,ACTIVE,2024-04-04 00:00:00
ACC-1053,CUST-0975,CREDIT_CARD,INR,252329.97,ACTIVE,2026-04-27 00:00:00
ACC-1054,CUST-0869,SAVINGS,INR,479552.31,ACTIVE,2026-02-03 00:00:00
ACC-1055,CUST-0355,SAVINGS,INR,252900.66,ACTIVE,2025-01-17 00:00:00
ACC-1056,CUST-0416,CURRENT,INR,168596.18,ACTIVE,2025-05-20 00:00:00
ACC-1057,CUST-0939,SAVINGS,INR,135715.77,ACTIVE,2026-02-12 00:00:00
ACC-1058,CUST-0605,CURRENT,INR,153452.75,ACTIVE,2025-02-18 00:00:00
ACC-1059,CUST-0801,CREDIT_CARD,INR,386660.66,ACTIVE,2025-03-31 00:00:00
ACC-1060,CUST-0012,SAVINGS,INR,393508.13,ACTIVE,2025-04-15 00:00:00
ACC-1061,CUST-0526,CURRENT,INR,435210.67,ACTIVE,2025-04-17 00:00:00
ACC-1062,CUST-0230,SAVINGS,INR,120501.96,ACTIVE,2025-08-27 00:00:00
ACC-1063,CUST-0740,CURRENT,INR,264932.36,ACTIVE,2024-04-14 00:00:00
ACC-1064,CUST-0284,CREDIT_CARD,INR,41168.27,ACTIVE,2024-10-03 00:00:00
ACC-1065,CUST-0302,CREDIT_CARD,INR,408550.75,ACTIVE,2025-05-27 00:00:00
ACC-1066,CUST-0640,CURRENT,INR,193468.46,ACTIVE,2025-04-10 00:00:00
ACC-1067,CUST-0569,SAVINGS,INR,37004.59,ACTIVE,2025-11-30 00:00:00
ACC-1068,CUST-0220,CURRENT,INR,416929.59,ACTIVE,2024-07-19 00:00:00
ACC-1069,CUST-0585,CREDIT_CARD,INR,182090.39,ACTIVE,2024-11-06 00:00:00
ACC-1070,CUST-0933,LOAN,INR,402342.88,ACTIVE,2024-03-24 00:00:00
ACC-1071,CUST-0542,CURRENT,INR,428234.73,ACTIVE,2024-05-03 00:00:00
ACC-1072,CUST-0396,SAVINGS,INR,415701.17,ACTIVE,2025-11-15 00:00:00
ACC-1073,CUST-0358,LOAN,INR,387818.26,ACTIVE,2025-08-22 00:00:00
ACC-1074,CUST-0881,CREDIT_CARD,INR,109339.19,ACTIVE,2024-03-26 00:00:00
ACC-1075,CUST-0412,SAVINGS,INR,194186.48,ACTIVE,2024-11-15 00:00:00
ACC-1076,CUST-0999,CREDIT_CARD,INR,433094.97,ACTIVE,2025-06-16 00:00:00
ACC-1077,CUST-0504,SAVINGS,INR,475519.67,ACTIVE,2025-01-06 00:00:00
ACC-1078,CUST-0912,CREDIT_CARD,INR,318854.61,ACTIVE,2024-06-16 00:00:00
ACC-1079,CUST-0952,CREDIT_CARD,INR,386996.07,ACTIVE,2026-02-18 00:00:00
ACC-1080,CUST-0504,SAVINGS,INR,68446.36,ACTIVE,2024-12-26 00:00:00
ACC-1081,CUST-0372,CREDIT_CARD,INR,415842.9,ACTIVE,2024-08-08 00:00:00
ACC-1082,CUST-0711,SAVINGS,INR,465336.23,ACTIVE,2024-05-05 00:00:00
ACC-1083,CUST-0582,SAVINGS,INR,441507.96,ACTIVE,2025-08-31 00:00:00
ACC-1084,CUST-0170,LOAN,INR,383491.54,ACTIVE,2026-03-17 00:00:00
ACC-1085,CUST-0106,SAVINGS,INR,47360.66,ACTIVE,2024-04-20 00:00:00
ACC-1086,CUST-0877,CREDIT_CARD,INR,86018.17,ACTIVE,2024-08-08 00:00:00
ACC-1087,CUST-0202,CURRENT,INR,267717.91,ACTIVE,2026-03-23 00:00:00
ACC-1088,CUST-0624,CREDIT_CARD,INR,253322.33,ACTIVE,2024-07-23 00:00:00
ACC-1089,CUST-0316,SAVINGS,INR,400240.56,ACTIVE,2025-03-18 00:00:00
ACC-1090,CUST-0628,CREDIT_CARD,INR,328548.55,ACTIVE,2025-01-22 00:00:00
ACC-1091,CUST-0262,LOAN,INR,181121.54,ACTIVE,2024-08-20 00:00:00
ACC-1092,CUST-0978,CREDIT_CARD,INR,372172.05,ACTIVE,2025-12-19 00:00:00
ACC-1093,CUST-0452,CURRENT,INR,260380.66,ACTIVE,2025-04-20 00:00:00
ACC-1094,CUST-0627,CURRENT,INR,450410.71,ACTIVE,2025-05-19 00:00:00
ACC-1095,CUST-0080,LOAN,INR,466786.77,ACTIVE,2024-07-07 00:00:00
ACC-1096,CUST-0237,LOAN,INR,490797.3,ACTIVE,2025-07-29 00:00:00
ACC-1097,CUST-0333,LOAN,INR,61006.4,ACTIVE,2026-01-12 00:00:00
ACC-1098,CUST-0842,SAVINGS,INR,32936.8,ACTIVE,2024-09-02 00:00:00
ACC-1099,CUST-0702,CURRENT,INR,428214.28,ACTIVE,2025-10-20 00:00:00
ACC-1100,CUST-0288,CURRENT,INR,351855.27,ACTIVE,2025-11-17 00:00:00
ACC-1101,CUST-0275,LOAN,INR,358933.7,ACTIVE,2025-08-21 00:00:00
ACC-1102,CUST-0601,CURRENT,INR,76447.24,ACTIVE,2026-04-24 00:00:00
ACC-1103,CUST-0488,LOAN,INR,106434.77,ACTIVE,2024-05-17 00:00:00
ACC-1104,CUST-0950,CREDIT_CARD,INR,487375.58,ACTIVE,2024-03-26 00:00:00
ACC-1105,CUST-0855,SAVINGS,INR,168664.42,ACTIVE,2024-06-19 00:00:00
ACC-1106,CUST-0542,LOAN,INR,34460.81,ACTIVE,2024-08-24 00:00:00
ACC-1107,CUST-0524,SAVINGS,INR,188371.22,ACTIVE,2025-03-17 00:00:00
ACC-1108,CUST-0044,CREDIT_CARD,INR,5231.47,ACTIVE,2025-06-08 00:00:00
ACC-1109,CUST-0145,CREDIT_CARD,INR,463867.24,ACTIVE,2025-06-30 00:00:00
ACC-1110,CUST-0232,SAVINGS,INR,92902.12,ACTIVE,2025-04-12 00:00:00
ACC-1111,CUST-0300,SAVINGS,INR,409775.05,ACTIVE,2024-04-05 00:00:00
ACC-1112,CUST-0641,LOAN,INR,58605.33,ACTIVE,2025-09-01 00:00:00
ACC-1113,CUST-0141,CREDIT_CARD,INR,51258.13,ACTIVE,2024-05-17 00:00:00
ACC-1114,CUST-0577,SAVINGS,INR,130883.21,ACTIVE,2025-07-22 00:00:00
ACC-1115,CUST-0229,SAVINGS,INR,297797.46,ACTIVE,2024-07-19 00:00:00
ACC-1116,CUST-0868,SAVINGS,INR,399019.39,ACTIVE,2024-10-27 00:00:00
ACC-1117,CUST-0710,CURRENT,INR,389061.96,ACTIVE,2024-05-30 00:00:00
ACC-1118,CUST-0593,LOAN,INR,308149.67,ACTIVE,2024-12-15 00:00:00
ACC-1119,CUST-0991,LOAN,INR,252826.56,ACTIVE,2025-02-09 00:00:00
ACC-1120,CUST-0034,CURRENT,INR,489489.65,ACTIVE,2025-03-17 00:00:00
ACC-1121,CUST-0856,LOAN,INR,358298.88,ACTIVE,2025-09-29 00:00:00
ACC-1122,CUST-0576,LOAN,INR,367765.28,ACTIVE,2025-06-08 00:00:00
ACC-1123,CUST-0105,CURRENT,INR,370011.33,ACTIVE,2024-07-11 00:00:00
ACC-1124,CUST-0222,SAVINGS,INR,373302.8,ACTIVE,2024-06-07 00:00:00
ACC-1125,CUST-0501,CREDIT_CARD,INR,91957.12,ACTIVE,2026-03-04 00:00:00
ACC-1126,CUST-0275,SAVINGS,INR,238326.58,ACTIVE,2025-01-21 00:00:00
ACC-1127,CUST-0355,CURRENT,INR,105804.8,ACTIVE,2025-12-23 00:00:00
ACC-1128,CUST-0061,LOAN,INR,210606.04,ACTIVE,2026-05-02 00:00:00
ACC-1129,CUST-0912,CURRENT,INR,386193.74,ACTIVE,2025-04-08 00:00:00
ACC-1130,CUST-0316,SAVINGS,INR,334594.36,ACTIVE,2025-06-28 00:00:00
ACC-1131,CUST-0795,CURRENT,INR,136438.37,ACTIVE,2025-12-01 00:00:00
ACC-1132,CUST-0967,LOAN,INR,293767.11,ACTIVE,2025-07-05 00:00:00
ACC-1133,CUST-0456,CREDIT_CARD,INR,103498.17,ACTIVE,2024-07-06 00:00:00
ACC-1134,CUST-0962,SAVINGS,INR,212715.9,ACTIVE,2025-04-27 00:00:00
ACC-1135,CUST-0944,CURRENT,INR,294154.87,ACTIVE,2026-01-23 00:00:00
ACC-1136,CUST-0759,CREDIT_CARD,INR,383620.36,ACTIVE,2025-12-20 00:00:00
ACC-1137,CUST-0876,LOAN,INR,348924.8,ACTIVE,2025-02-06 00:00:00
ACC-1138,CUST-0962,LOAN,INR,309789.07,ACTIVE,2025-03-29 00:00:00
ACC-1139,CUST-0395,SAVINGS,INR,452862.11,ACTIVE,2025-02-05 00:00:00
ACC-1140,CUST-0436,LOAN,INR,356501.39,ACTIVE,2025-07-20 00:00:00
ACC-1141,CUST-0357,LOAN,INR,327377.03,ACTIVE,2024-07-23 00:00:00
ACC-1142,CUST-0066,CURRENT,INR,239868.72,ACTIVE,2025-03-11 00:00:00
ACC-1143,CUST-0096,SAVINGS,INR,256477.33,ACTIVE,2024-10-23 00:00:00
ACC-1144,CUST-0190,LOAN,INR,244012.41,ACTIVE,2026-03-11 00:00:00
ACC-1145,CUST-0644,CREDIT_CARD,INR,335035.5,ACTIVE,2024-05-02 00:00:00
ACC-1146,CUST-0594,SAVINGS,INR,186464.07,ACTIVE,2026-01-12 00:00:00
ACC-1147,CUST-0196,LOAN,INR,12102.89,ACTIVE,2025-04-18 00:00:00
ACC-1148,CUST-0084,CREDIT_CARD,INR,226011.85,ACTIVE,2024-04-21 00:00:00
ACC-1149,CUST-0070,CURRENT,INR,450417.46,ACTIVE,2025-03-29 00:00:00
ACC-1150,CUST-0884,LOAN,INR,182327.81,ACTIVE,2025-01-04 00:00:00
ACC-1151,CUST-0559,CURRENT,INR,8911.39,ACTIVE,2025-06-10 00:00:00
ACC-1152,CUST-0040,LOAN,INR,210734.5,ACTIVE,2025-05-16 00:00:00
ACC-1153,CUST-0617,LOAN,INR,229253.26,ACTIVE,2025-02-01 00:00:00
ACC-1154,CUST-0877,LOAN,INR,76268.49,ACTIVE,2024-12-19 00:00:00
ACC-1155,CUST-0389,CREDIT_CARD,INR,339055.21,ACTIVE,2024-12-25 00:00:00
ACC-1156,CUST-0039,LOAN,INR,442162.02,ACTIVE,2024-04-18 00:00:00
ACC-1157,CUST-0494,LOAN,INR,247350.55,ACTIVE,2025-01-20 00:00:00
ACC-1158,CUST-0306,SAVINGS,INR,477207.89,ACTIVE,2025-12-06 00:00:00
ACC-1159,CUST-0531,LOAN,INR,201891.21,ACTIVE,2025-01-14 00:00:00
ACC-1160,CUST-0186,SAVINGS,INR,94620.82,ACTIVE,2024-09-08 00:00:00
ACC-1161,CUST-0370,CREDIT_CARD,INR,317493.32,ACTIVE,2024-06-07 00:00:00
ACC-1162,CUST-0904,CREDIT_CARD,INR,304125.07,ACTIVE,2025-12-10 00:00:00
ACC-1163,CUST-0262,CREDIT_CARD,INR,224097.4,ACTIVE,2025-03-11 00:00:00
ACC-1164,CUST-0463,CREDIT_CARD,INR,451196.5,ACTIVE,2025-09-05 00:00:00
ACC-1165,CUST-0798,CURRENT,INR,106438.65,ACTIVE,2025-09-20 00:00:00
ACC-1166,CUST-0084,CREDIT_CARD,INR,146135.77,ACTIVE,2026-03-15 00:00:00
ACC-1167,CUST-0548,CURRENT,INR,214905.96,ACTIVE,2025-08-18 00:00:00
ACC-1168,CUST-0930,SAVINGS,INR,499107.93,ACTIVE,2024-04-11 00:00:00
ACC-1169,CUST-0806,CURRENT,INR,66085.07,ACTIVE,2026-01-25 00:00:00
ACC-1170,CUST-0844,CURRENT,INR,351666.52,ACTIVE,2024-08-14 00:00:00
ACC-1171,CUST-0096,SAVINGS,INR,94196.41,ACTIVE,2025-02-03 00:00:00
ACC-1172,CUST-0441,LOAN,INR,113885.89,ACTIVE,2025-04-17 00:00:00
ACC-1173,CUST-0203,LOAN,INR,199165.51,ACTIVE,2025-08-20 00:00:00
ACC-1174,CUST-0681,CURRENT,INR,69248.14,ACTIVE,2025-07-28 00:00:00
ACC-1175,CUST-0045,CURRENT,INR,30526.68,ACTIVE,2025-01-03 00:00:00
ACC-1176,CUST-0247,CURRENT,INR,84579.64,ACTIVE,2024-06-19 00:00:00
ACC-1177,CUST-0633,CREDIT_CARD,INR,352950.27,ACTIVE,2025-03-27 00:00:00
ACC-1178,CUST-0982,CREDIT_CARD,INR,161621.72,ACTIVE,2026-02-15 00:00:00
ACC-1179,CUST-0046,LOAN,INR,154838.73,ACTIVE,2024-07-13 00:00:00
ACC-1180,CUST-0751,LOAN,INR,22777.71,ACTIVE,2025-10-26 00:00:00
ACC-1181,CUST-0255,CURRENT,INR,381882.64,ACTIVE,2025-11-08 00:00:00
ACC-1182,CUST-0869,CURRENT,INR,456427.6,ACTIVE,2024-04-15 00:00:00
ACC-1183,CUST-0801,SAVINGS,INR,344679.68,ACTIVE,2024-05-02 00:00:00
ACC-1184,CUST-0653,CURRENT,INR,315410.93,ACTIVE,2024-09-01 00:00:00
ACC-1185,CUST-0431,LOAN,INR,51307.47,ACTIVE,2025-10-20 00:00:00
ACC-1186,CUST-0577,CREDIT_CARD,INR,220815.12,ACTIVE,2025-07-17 00:00:00
ACC-1187,CUST-0733,CREDIT_CARD,INR,414183.42,ACTIVE,2025-10-22 00:00:00
ACC-1188,CUST-0246,CREDIT_CARD,INR,367886.01,ACTIVE,2024-07-27 00:00:00
ACC-1189,CUST-0060,CREDIT_CARD,INR,93432.73,ACTIVE,2026-01-13 00:00:00
ACC-1190,CUST-0973,LOAN,INR,15990.89,ACTIVE,2025-03-24 00:00:00
ACC-1191,CUST-0296,CREDIT_CARD,INR,333122.17,ACTIVE,2025-10-26 00:00:00
ACC-1192,CUST-0917,CURRENT,INR,453983.68,ACTIVE,2025-09-01 00:00:00
ACC-1193,CUST-0227,CURRENT,INR,223816.72,ACTIVE,2024-05-29 00:00:00
ACC-1194,CUST-0014,LOAN,INR,417585.92,ACTIVE,2025-06-12 00:00:00
ACC-1195,CUST-0386,SAVINGS,INR,259236.39,ACTIVE,2025-12-30 00:00:00
ACC-1196,CUST-0200,SAVINGS,INR,89575.18,ACTIVE,2025-02-12 00:00:00
ACC-1197,CUST-0423,LOAN,INR,141657.66,ACTIVE,2025-08-05 00:00:00
ACC-1198,CUST-0411,CURRENT,INR,182856.91,ACTIVE,2025-09-25 00:00:00
ACC-1199,CUST-0673,CURRENT,INR,121729.82,ACTIVE,2025-01-24 00:00:00
ACC-1200,CUST-0291,CREDIT_CARD,INR,309870.17,ACTIVE,2026-01-01 00:00:00
ACC-1201,CUST-0152,CREDIT_CARD,INR,418967.6,ACTIVE,2025-03-19 00:00:00
ACC-1202,CUST-0066,LOAN,INR,277422.26,ACTIVE,2026-03-26 00:00:00
ACC-1203,CUST-0245,LOAN,INR,307957.61,ACTIVE,2025-07-08 00:00:00
ACC-1204,CUST-0229,CREDIT_CARD,INR,186759.01,ACTIVE,2026-04-09 00:00:00
ACC-1205,CUST-0601,SAVINGS,INR,312459.4,ACTIVE,2025-04-01 00:00:00
ACC-1206,CUST-0307,LOAN,INR,421995.73,ACTIVE,2025-05-22 00:00:00
ACC-1207,CUST-0261,CREDIT_CARD,INR,410690.94,ACTIVE,2025-09-26 00:00:00
ACC-1208,CUST-0955,SAVINGS,INR,355343.15,ACTIVE,2025-10-18 00:00:00
ACC-1209,CUST-0041,LOAN,INR,142042.96,ACTIVE,2025-03-08 00:00:00
ACC-1210,CUST-0887,LOAN,INR,267161.96,ACTIVE,2025-07-24 00:00:00
ACC-1211,CUST-0354,CURRENT,INR,379445.26,ACTIVE,2024-10-15 00:00:00
ACC-1212,CUST-0911,CREDIT_CARD,INR,378644.1,ACTIVE,2025-10-14 00:00:00
ACC-1213,CUST-0513,LOAN,INR,233708.66,ACTIVE,2025-09-25 00:00:00
ACC-1214,CUST-0556,CREDIT_CARD,INR,329161.2,ACTIVE,2024-05-30 00:00:00
ACC-1215,CUST-0765,CREDIT_CARD,INR,473236.12,ACTIVE,2024-12-14 00:00:00
ACC-1216,CUST-0230,LOAN,INR,28856.39,ACTIVE,2025-07-27 00:00:00
ACC-1217,CUST-0350,CURRENT,INR,297767.33,ACTIVE,2025-08-10 00:00:00
ACC-1218,CUST-0689,LOAN,INR,392274.08,ACTIVE,2025-06-02 00:00:00
ACC-1219,CUST-0708,LOAN,INR,127708.16,ACTIVE,2025-12-28 00:00:00
ACC-1220,CUST-0458,SAVINGS,INR,212346.39,ACTIVE,2026-02-10 00:00:00
ACC-1221,CUST-0550,LOAN,INR,118580.9,ACTIVE,2026-02-07 00:00:00
ACC-1222,CUST-0634,CREDIT_CARD,INR,325049.92,ACTIVE,2025-04-19 00:00:00
ACC-1223,CUST-0214,CURRENT,INR,62231.83,ACTIVE,2024-12-31 00:00:00
ACC-1224,CUST-0885,CREDIT_CARD,INR,121434.24,ACTIVE,2025-09-23 00:00:00
ACC-1225,CUST-0983,LOAN,INR,345416.03,ACTIVE,2025-04-19 00:00:00
ACC-1226,CUST-0893,SAVINGS,INR,173255.77,ACTIVE,2024-05-15 00:00:00
ACC-1227,CUST-0121,SAVINGS,INR,70360.62,ACTIVE,2024-07-21 00:00:00
ACC-1228,CUST-0694,CURRENT,INR,201317.1,ACTIVE,2024-09-05 00:00:00
ACC-1229,CUST-0338,SAVINGS,INR,292011.53,ACTIVE,2024-08-01 00:00:00
ACC-1230,CUST-0759,LOAN,INR,429997.32,ACTIVE,2025-06-07 00:00:00
ACC-1231,CUST-0829,SAVINGS,INR,414958.79,ACTIVE,2025-11-13 00:00:00
ACC-1232,CUST-0121,LOAN,INR,475614.74,ACTIVE,2026-03-25 00:00:00
ACC-1233,CUST-0178,SAVINGS,INR,141156.36,ACTIVE,2025-12-18 00:00:00
ACC-1234,CUST-0246,CREDIT_CARD,INR,351648.07,ACTIVE,2025-09-08 00:00:00
ACC-1235,CUST-0857,CURRENT,INR,29274.15,ACTIVE,2024-12-11 00:00:00
ACC-1236,CUST-0573,CREDIT_CARD,INR,219982.2,ACTIVE,2025-02-09 00:00:00
ACC-1237,CUST-0325,CREDIT_CARD,INR,145210.06,ACTIVE,2025-02-03 00:00:00
ACC-1238,CUST-0291,CURRENT,INR,133480.93,ACTIVE,2025-04-18 00:00:00
ACC-1239,CUST-0653,LOAN,INR,376448.34,ACTIVE,2025-05-05 00:00:00
ACC-1240,CUST-0227,LOAN,INR,55409.8,ACTIVE,2025-04-07 00:00:00
ACC-1241,CUST-0316,SAVINGS,INR,139857.56,ACTIVE,2024-10-31 00:00:00
ACC-1242,CUST-0931,CURRENT,INR,211549.46,ACTIVE,2024-03-25 00:00:00
ACC-1243,CUST-0048,LOAN,INR,37367.52,ACTIVE,2026-04-05 00:00:00
ACC-1244,CUST-0395,LOAN,INR,479188.79,ACTIVE,2024-11-24 00:00:00
ACC-1245,CUST-0011,CURRENT,INR,466473.0,ACTIVE,2025-09-17 00:00:00
ACC-1246,CUST-0165,CREDIT_CARD,INR,238647.99,ACTIVE,2025-01-23 00:00:00
ACC-1247,CUST-0009,LOAN,INR,220777.99,ACTIVE,2025-12-24 00:00:00
ACC-1248,CUST-0868,LOAN,INR,341791.11,ACTIVE,2026-02-10 00:00:00
ACC-1249,CUST-0767,SAVINGS,INR,338475.72,ACTIVE,2026-02-19 00:00:00
ACC-1250,CUST-0628,CREDIT_CARD,INR,408860.52,ACTIVE,2024-09-30 00:00:00
ACC-1251,CUST-0234,SAVINGS,INR,148050.44,ACTIVE,2024-11-16 00:00:00
ACC-1252,CUST-0485,SAVINGS,INR,24119.16,ACTIVE,2024-06-13 00:00:00
ACC-1253,CUST-0353,CURRENT,INR,432661.96,ACTIVE,2025-06-06 00:00:00
ACC-1254,CUST-0630,SAVINGS,INR,131996.43,ACTIVE,2025-01-24 00:00:00
ACC-1255,CUST-0474,SAVINGS,INR,401663.52,ACTIVE,2026-01-07 00:00:00
ACC-1256,CUST-0369,CURRENT,INR,71002.9,ACTIVE,2024-12-23 00:00:00
ACC-1257,CUST-0059,LOAN,INR,125804.83,ACTIVE,2025-03-01 00:00:00
ACC-1258,CUST-0971,LOAN,INR,50602.2,ACTIVE,2024-05-31 00:00:00
ACC-1259,CUST-0326,LOAN,INR,197217.47,ACTIVE,2025-09-30 00:00:00
ACC-1260,CUST-0474,SAVINGS,INR,175783.14,ACTIVE,2024-07-09 00:00:00
ACC-1261,CUST-0375,CREDIT_CARD,INR,487481.55,ACTIVE,2024-12-31 00:00:00
ACC-1262,CUST-0104,CURRENT,INR,84098.47,ACTIVE,2024-12-10 00:00:00
ACC-1263,CUST-0890,SAVINGS,INR,209012.9,ACTIVE,2025-11-23 00:00:00
ACC-1264,CUST-0334,LOAN,INR,363159.39,ACTIVE,2025-04-19 00:00:00
ACC-1265,CUST-0689,CURRENT,INR,56765.42,ACTIVE,2024-06-08 00:00:00
ACC-1266,CUST-0522,CREDIT_CARD,INR,431367.34,ACTIVE,2025-04-30 00:00:00
ACC-1267,CUST-0471,CURRENT,INR,212416.0,ACTIVE,2024-09-08 00:00:00
ACC-1268,CUST-0654,LOAN,INR,253054.53,ACTIVE,2026-01-18 00:00:00
ACC-1269,CUST-0740,CREDIT_CARD,INR,33791.91,ACTIVE,2024-09-26 00:00:00
ACC-1270,CUST-0569,CURRENT,INR,233978.01,ACTIVE,2026-03-02 00:00:00
ACC-1271,CUST-0717,SAVINGS,INR,102572.37,ACTIVE,2025-07-02 00:00:00
ACC-1272,CUST-0537,SAVINGS,INR,344461.73,ACTIVE,2024-10-24 00:00:00
ACC-1273,CUST-0530,SAVINGS,INR,401318.78,ACTIVE,2024-07-19 00:00:00
ACC-1274,CUST-0613,LOAN,INR,65169.63,ACTIVE,2024-04-14 00:00:00
ACC-1275,CUST-0659,CREDIT_CARD,INR,492052.04,ACTIVE,2024-07-26 00:00:00
ACC-1276,CUST-0347,LOAN,INR,247238.49,ACTIVE,2025-08-18 00:00:00
ACC-1277,CUST-0191,LOAN,INR,85453.02,ACTIVE,2025-10-27 00:00:00
ACC-1278,CUST-0236,CREDIT_CARD,INR,156231.49,ACTIVE,2025-01-20 00:00:00
ACC-1279,CUST-0621,LOAN,INR,406188.53,ACTIVE,2024-05-24 00:00:00
ACC-1280,CUST-0575,CURRENT,INR,151682.93,ACTIVE,2024-06-19 00:00:00
ACC-1281,CUST-0225,CREDIT_CARD,INR,71096.76,ACTIVE,2025-02-01 00:00:00
ACC-1282,CUST-0809,LOAN,INR,342007.05,ACTIVE,2025-09-30 00:00:00
ACC-1283,CUST-0065,SAVINGS,INR,140249.14,ACTIVE,2024-12-10 00:00:00
ACC-1284,CUST-0190,CREDIT_CARD,INR,472257.96,ACTIVE,2026-02-01 00:00:00
ACC-1285,CUST-0007,LOAN,INR,246887.93,ACTIVE,2024-08-17 00:00:00
ACC-1286,CUST-0649,CREDIT_CARD,INR,150365.7,ACTIVE,2024-04-26 00:00:00
ACC-1287,CUST-0385,CURRENT,INR,82415.87,ACTIVE,2025-03-15 00:00:00
ACC-1288,CUST-0685,CREDIT_CARD,INR,89050.84,ACTIVE,2024-12-24 00:00:00
ACC-1289,CUST-0416,SAVINGS,INR,390988.17,ACTIVE,2025-04-18 00:00:00
ACC-1290,CUST-0648,CREDIT_CARD,INR,407412.92,ACTIVE,2024-09-28 00:00:00
ACC-1291,CUST-0704,CREDIT_CARD,INR,55517.9,ACTIVE,2024-04-18 00:00:00
ACC-1292,CUST-0438,SAVINGS,INR,475340.49,ACTIVE,2025-12-10 00:00:00
ACC-1293,CUST-0556,CURRENT,INR,223236.22,ACTIVE,2024-08-28 00:00:00
ACC-1294,CUST-0061,CREDIT_CARD,INR,203588.97,ACTIVE,2024-08-13 00:00:00
ACC-1295,CUST-0536,LOAN,INR,123024.11,ACTIVE,2025-03-11 00:00:00
ACC-1296,CUST-0633,SAVINGS,INR,92948.37,ACTIVE,2024-07-21 00:00:00
ACC-1297,CUST-0868,CREDIT_CARD,INR,434594.05,ACTIVE,2024-06-15 00:00:00
ACC-1298,CUST-0700,CREDIT_CARD,INR,328572.2,ACTIVE,2024-05-21 00:00:00
ACC-1299,CUST-0294,CURRENT,INR,47446.85,ACTIVE,2025-05-30 00:00:00
ACC-1300,CUST-0946,CURRENT,INR,235047.79,ACTIVE,2025-07-15 00:00:00
ACC-1301,CUST-0848,CREDIT_CARD,INR,8204.03,ACTIVE,2025-07-17 00:00:00
ACC-1302,CUST-0209,CURRENT,INR,439959.91,ACTIVE,2025-04-05 00:00:00
ACC-1303,CUST-0411,SAVINGS,INR,259630.63,ACTIVE,2025-06-17 00:00:00
ACC-1304,CUST-0558,CREDIT_CARD,INR,457630.97,ACTIVE,2025-08-30 00:00:00
ACC-1305,CUST-0542,SAVINGS,INR,429502.83,ACTIVE,2026-04-19 00:00:00
ACC-1306,CUST-0555,LOAN,INR,302180.1,ACTIVE,2025-11-18 00:00:00
ACC-1307,CUST-0211,CREDIT_CARD,INR,310619.59,ACTIVE,2024-09-29 00:00:00
ACC-1308,CUST-0661,CURRENT,INR,407979.54,ACTIVE,2024-10-10 00:00:00
ACC-1309,CUST-0601,CURRENT,INR,66838.11,ACTIVE,2024-10-26 00:00:00
ACC-1310,CUST-0206,LOAN,INR,495162.02,ACTIVE,2025-05-16 00:00:00
ACC-1311,CUST-0369,CURRENT,INR,256854.7,ACTIVE,2025-11-27 00:00:00
ACC-1312,CUST-0701,CREDIT_CARD,INR,320444.62,ACTIVE,2025-06-27 00:00:00
ACC-1313,CUST-0499,CURRENT,INR,82500.89,ACTIVE,2025-01-11 00:00:00
ACC-1314,CUST-0225,CURRENT,INR,5939.84,ACTIVE,2024-05-31 00:00:00
ACC-1315,CUST-0623,LOAN,INR,179880.87,ACTIVE,2024-03-30 00:00:00
ACC-1316,CUST-0035,CURRENT,INR,239109.36,ACTIVE,2026-01-06 00:00:00
ACC-1317,CUST-0383,LOAN,INR,97535.5,ACTIVE,2024-10-07 00:00:00
ACC-1318,CUST-0792,SAVINGS,INR,330706.6,ACTIVE,2024-05-30 00:00:00
ACC-1319,CUST-0468,LOAN,INR,114346.29,ACTIVE,2025-01-30 00:00:00
ACC-1320,CUST-0947,CURRENT,INR,29831.53,ACTIVE,2024-12-28 00:00:00
ACC-1321,CUST-0440,SAVINGS,INR,302702.7,ACTIVE,2025-08-14 00:00:00
ACC-1322,CUST-0914,LOAN,INR,225954.86,ACTIVE,2025-09-19 00:00:00
ACC-1323,CUST-0418,CURRENT,INR,26292.44,ACTIVE,2025-08-19 00:00:00
ACC-1324,CUST-0758,CREDIT_CARD,INR,76623.47,ACTIVE,2025-11-08 00:00:00
ACC-1325,CUST-0211,CURRENT,INR,29693.55,ACTIVE,2024-08-10 00:00:00
ACC-1326,CUST-0771,CURRENT,INR,46589.81,ACTIVE,2024-12-16 00:00:00
ACC-1327,CUST-0921,CREDIT_CARD,INR,272457.26,ACTIVE,2025-10-03 00:00:00
ACC-1328,CUST-0765,CREDIT_CARD,INR,121913.28,ACTIVE,2026-01-09 00:00:00
ACC-1329,CUST-0217,CREDIT_CARD,INR,457507.55,ACTIVE,2024-12-11 00:00:00
ACC-1330,CUST-0355,CURRENT,INR,34746.98,ACTIVE,2024-05-26 00:00:00
ACC-1331,CUST-0142,CREDIT_CARD,INR,195081.11,ACTIVE,2025-04-05 00:00:00
ACC-1332,CUST-0665,CREDIT_CARD,INR,410978.24,ACTIVE,2024-04-28 00:00:00
ACC-1333,CUST-0936,LOAN,INR,347116.92,ACTIVE,2026-03-05 00:00:00
ACC-1334,CUST-0184,LOAN,INR,30607.04,ACTIVE,2026-01-31 00:00:00
ACC-1335,CUST-0590,LOAN,INR,111121.93,ACTIVE,2024-12-20 00:00:00
ACC-1336,CUST-0796,LOAN,INR,467643.18,ACTIVE,2025-11-29 00:00:00
ACC-1337,CUST-0682,CREDIT_CARD,INR,143769.46,ACTIVE,2026-04-08 00:00:00
ACC-1338,CUST-0809,LOAN,INR,233017.59,ACTIVE,2026-02-14 00:00:00
ACC-1339,CUST-0069,SAVINGS,INR,357774.01,ACTIVE,2024-06-03 00:00:00
ACC-1340,CUST-0543,CREDIT_CARD,INR,320858.91,ACTIVE,2025-09-16 00:00:00
ACC-1341,CUST-0324,CREDIT_CARD,INR,468744.74,ACTIVE,2025-11-03 00:00:00
ACC-1342,CUST-0746,SAVINGS,INR,443178.06,ACTIVE,2024-03-26 00:00:00
ACC-1343,CUST-0745,CURRENT,INR,301550.48,ACTIVE,2024-05-17 00:00:00
ACC-1344,CUST-0472,CREDIT_CARD,INR,100039.07,ACTIVE,2025-05-22 00:00:00
ACC-1345,CUST-0636,CREDIT_CARD,INR,143656.85,ACTIVE,2025-07-14 00:00:00
ACC-1346,CUST-0334,CURRENT,INR,226068.26,ACTIVE,2025-01-13 00:00:00
ACC-1347,CUST-0613,SAVINGS,INR,236806.15,ACTIVE,2024-08-16 00:00:00
ACC-1348,CUST-0266,SAVINGS,INR,255116.74,ACTIVE,2024-06-08 00:00:00
ACC-1349,CUST-0652,CURRENT,INR,305951.47,ACTIVE,2026-01-17 00:00:00
ACC-1350,CUST-0730,LOAN,INR,270785.15,ACTIVE,2025-05-16 00:00:00
ACC-1351,CUST-0233,CREDIT_CARD,INR,5323.91,ACTIVE,2025-04-25 00:00:00
ACC-1352,CUST-0826,SAVINGS,INR,389933.12,ACTIVE,2024-07-25 00:00:00
ACC-1353,CUST-0161,CURRENT,INR,406451.19,ACTIVE,2025-09-13 00:00:00
ACC-1354,CUST-0513,CREDIT_CARD,INR,409292.61,ACTIVE,2024-06-06 00:00:00
ACC-1355,CUST-0324,LOAN,INR,458709.31,ACTIVE,2025-12-30 00:00:00
ACC-1356,CUST-0343,LOAN,INR,67778.31,ACTIVE,2025-03-05 00:00:00
ACC-1357,CUST-0711,CREDIT_CARD,INR,456953.59,ACTIVE,2025-06-28 00:00:00
ACC-1358,CUST-0647,LOAN,INR,353832.1,ACTIVE,2025-07-01 00:00:00
ACC-1359,CUST-0695,LOAN,INR,70310.24,ACTIVE,2024-10-28 00:00:00
ACC-1360,CUST-0755,LOAN,INR,215389.65,ACTIVE,2024-10-06 00:00:00
ACC-1361,CUST-0826,LOAN,INR,163258.29,ACTIVE,2025-02-22 00:00:00
ACC-1362,CUST-0546,CURRENT,INR,487627.8,ACTIVE,2025-02-19 00:00:00
ACC-1363,CUST-0687,SAVINGS,INR,22553.29,ACTIVE,2025-02-16 00:00:00
ACC-1364,CUST-0567,LOAN,INR,108351.96,ACTIVE,2026-03-29 00:00:00
ACC-1365,CUST-0858,SAVINGS,INR,399076.25,ACTIVE,2025-10-12 00:00:00
ACC-1366,CUST-0301,CURRENT,INR,394563.12,ACTIVE,2025-05-05 00:00:00
ACC-1367,CUST-0679,CREDIT_CARD,INR,381917.77,ACTIVE,2025-05-20 00:00:00
ACC-1368,CUST-0437,LOAN,INR,494721.54,ACTIVE,2025-03-09 00:00:00
ACC-1369,CUST-0734,SAVINGS,INR,453990.6,ACTIVE,2026-03-05 00:00:00
ACC-1370,CUST-0243,LOAN,INR,214953.68,ACTIVE,2026-02-03 00:00:00
ACC-1371,CUST-0190,CURRENT,INR,398106.73,ACTIVE,2024-06-10 00:00:00
ACC-1372,CUST-0840,CURRENT,INR,294834.21,ACTIVE,2026-01-04 00:00:00
ACC-1373,CUST-0005,LOAN,INR,129214.41,ACTIVE,2026-01-29 00:00:00
ACC-1374,CUST-0231,CURRENT,INR,301079.98,ACTIVE,2024-10-21 00:00:00
ACC-1375,CUST-0771,LOAN,INR,20010.77,ACTIVE,2024-06-27 00:00:00
ACC-1376,CUST-0571,CURRENT,INR,307551.92,ACTIVE,2024-12-13 00:00:00
ACC-1377,CUST-0020,CURRENT,INR,422315.41,ACTIVE,2025-08-06 00:00:00
ACC-1378,CUST-0611,LOAN,INR,135453.04,ACTIVE,2024-09-12 00:00:00
ACC-1379,CUST-0917,CREDIT_CARD,INR,311385.4,ACTIVE,2026-02-09 00:00:00
ACC-1380,CUST-0730,SAVINGS,INR,215785.07,ACTIVE,2025-06-27 00:00:00
ACC-1381,CUST-0184,CREDIT_CARD,INR,29491.87,ACTIVE,2025-02-10 00:00:00
ACC-1382,CUST-0132,LOAN,INR,479388.61,ACTIVE,2024-11-04 00:00:00
ACC-1383,CUST-0163,SAVINGS,INR,302259.25,ACTIVE,2026-02-11 00:00:00
ACC-1384,CUST-0030,SAVINGS,INR,130384.12,ACTIVE,2024-05-19 00:00:00
ACC-1385,CUST-0409,LOAN,INR,272692.68,ACTIVE,2025-01-12 00:00:00
ACC-1386,CUST-0090,SAVINGS,INR,285440.27,ACTIVE,2025-07-07 00:00:00
ACC-1387,CUST-0458,LOAN,INR,491024.3,ACTIVE,2026-02-14 00:00:00
ACC-1388,CUST-0018,SAVINGS,INR,240234.29,ACTIVE,2026-04-15 00:00:00
ACC-1389,CUST-0014,SAVINGS,INR,388929.33,ACTIVE,2024-07-11 00:00:00
ACC-1390,CUST-0723,CURRENT,INR,120228.16,ACTIVE,2026-02-18 00:00:00
ACC-1391,CUST-0331,LOAN,INR,474139.26,ACTIVE,2025-10-17 00:00:00
ACC-1392,CUST-0539,CURRENT,INR,497611.76,ACTIVE,2026-04-24 00:00:00
ACC-1393,CUST-0041,SAVINGS,INR,10376.27,ACTIVE,2026-04-27 00:00:00
ACC-1394,CUST-0524,CURRENT,INR,479207.06,ACTIVE,2026-01-28 00:00:00
ACC-1395,CUST-0563,CURRENT,INR,338319.2,ACTIVE,2024-11-04 00:00:00
ACC-1396,CUST-0793,SAVINGS,INR,141437.16,ACTIVE,2025-08-22 00:00:00
ACC-1397,CUST-0285,SAVINGS,INR,352050.99,ACTIVE,2024-10-19 00:00:00
ACC-1398,CUST-0255,SAVINGS,INR,133665.49,ACTIVE,2026-01-26 00:00:00
ACC-1399,CUST-0436,CREDIT_CARD,INR,97402.91,ACTIVE,2024-09-22 00:00:00
ACC-1400,CUST-0614,CURRENT,INR,352488.65,ACTIVE,2024-11-02 00:00:00
ACC-1401,CUST-0988,LOAN,INR,453902.82,ACTIVE,2025-07-26 00:00:00
ACC-1402,CUST-0079,CURRENT,INR,228846.9,ACTIVE,2024-12-11 00:00:00
ACC-1403,CUST-0407,LOAN,INR,258096.3,ACTIVE,2025-06-27 00:00:00
ACC-1404,CUST-0089,CURRENT,INR,463294.68,ACTIVE,2024-12-20 00:00:00
ACC-1405,CUST-0724,SAVINGS,INR,70332.57,ACTIVE,2024-09-28 00:00:00
ACC-1406,CUST-0445,CURRENT,INR,239869.41,ACTIVE,2026-02-23 00:00:00
ACC-1407,CUST-0094,SAVINGS,INR,155451.54,ACTIVE,2025-10-02 00:00:00
ACC-1408,CUST-0988,CREDIT_CARD,INR,356709.24,ACTIVE,2024-10-06 00:00:00
ACC-1409,CUST-0634,SAVINGS,INR,353587.75,ACTIVE,2024-12-27 00:00:00
ACC-1410,CUST-0006,CREDIT_CARD,INR,204370.63,ACTIVE,2025-11-01 00:00:00
ACC-1411,CUST-0110,SAVINGS,INR,134080.1,ACTIVE,2024-04-11 00:00:00
ACC-1412,CUST-0266,CURRENT,INR,140987.42,ACTIVE,2024-04-18 00:00:00
ACC-1413,CUST-0713,SAVINGS,INR,263359.22,ACTIVE,2026-01-13 00:00:00
ACC-1414,CUST-0439,CREDIT_CARD,INR,399615.38,ACTIVE,2025-08-14 00:00:00
ACC-1415,CUST-0001,SAVINGS,INR,59219.15,ACTIVE,2025-01-08 00:00:00
ACC-1416,CUST-0863,CREDIT_CARD,INR,279339.32,ACTIVE,2024-08-08 00:00:00
ACC-1417,CUST-0556,SAVINGS,INR,236663.37,ACTIVE,2024-06-12 00:00:00
ACC-1418,CUST-0258,LOAN,INR,257708.36,ACTIVE,2024-05-21 00:00:00
ACC-1419,CUST-0113,CREDIT_CARD,INR,335884.62,ACTIVE,2024-06-11 00:00:00
ACC-1420,CUST-0292,SAVINGS,INR,282467.47,ACTIVE,2025-06-30 00:00:00
ACC-1421,CUST-0426,CREDIT_CARD,INR,309294.77,ACTIVE,2024-08-18 00:00:00
ACC-1422,CUST-0082,CREDIT_CARD,INR,439816.4,ACTIVE,2026-04-14 00:00:00
ACC-1423,CUST-0979,CREDIT_CARD,INR,358574.04,ACTIVE,2024-06-29 00:00:00
ACC-1424,CUST-0722,LOAN,INR,284297.3,ACTIVE,2025-03-18 00:00:00
ACC-1425,CUST-0731,LOAN,INR,115389.35,ACTIVE,2024-04-21 00:00:00
ACC-1426,CUST-0157,CURRENT,INR,403143.55,ACTIVE,2024-12-09 00:00:00
ACC-1427,CUST-0519,CURRENT,INR,167809.22,ACTIVE,2024-05-15 00:00:00
ACC-1428,CUST-0493,SAVINGS,INR,75826.5,ACTIVE,2025-08-21 00:00:00
ACC-1429,CUST-0063,SAVINGS,INR,201852.53,ACTIVE,2024-08-30 00:00:00
ACC-1430,CUST-0894,CURRENT,INR,433630.26,ACTIVE,2024-06-09 00:00:00
ACC-1431,CUST-0516,SAVINGS,INR,27823.55,ACTIVE,2024-06-19 00:00:00
ACC-1432,CUST-0267,CREDIT_CARD,INR,496654.45,ACTIVE,2024-10-17 00:00:00
ACC-1433,CUST-0528,SAVINGS,INR,454861.77,ACTIVE,2024-10-18 00:00:00
ACC-1434,CUST-0090,CURRENT,INR,191978.94,ACTIVE,2026-03-21 00:00:00
ACC-1435,CUST-0491,CREDIT_CARD,INR,480368.7,ACTIVE,2026-03-24 00:00:00
ACC-1436,CUST-0345,LOAN,INR,75021.89,ACTIVE,2025-12-20 00:00:00
ACC-1437,CUST-0060,LOAN,INR,155155.21,ACTIVE,2024-03-28 00:00:00
ACC-1438,CUST-0282,CURRENT,INR,80031.32,ACTIVE,2025-12-13 00:00:00
ACC-1439,CUST-0944,CREDIT_CARD,INR,306376.34,ACTIVE,2025-11-07 00:00:00
ACC-1440,CUST-0068,CURRENT,INR,479830.93,ACTIVE,2024-11-15 00:00:00
ACC-1441,CUST-0302,LOAN,INR,56582.85,ACTIVE,2025-01-09 00:00:00
ACC-1442,CUST-0603,CREDIT_CARD,INR,181123.62,ACTIVE,2025-03-13 00:00:00
ACC-1443,CUST-0617,LOAN,INR,167689.33,ACTIVE,2024-11-06 00:00:00
ACC-1444,CUST-0791,CURRENT,INR,439858.14,ACTIVE,2024-12-15 00:00:00
ACC-1445,CUST-0664,SAVINGS,INR,109225.57,ACTIVE,2026-02-20 00:00:00
ACC-1446,CUST-0565,CREDIT_CARD,INR,71597.15,ACTIVE,2025-08-30 00:00:00
ACC-1447,CUST-0814,CURRENT,INR,107915.85,ACTIVE,2024-08-28 00:00:00
ACC-1448,CUST-0951,CREDIT_CARD,INR,161350.09,ACTIVE,2026-02-17 00:00:00
ACC-1449,CUST-0414,CURRENT,INR,257821.85,ACTIVE,2025-10-12 00:00:00
ACC-1450,CUST-0464,CURRENT,INR,323606.13,ACTIVE,2026-02-06 00:00:00
ACC-1451,CUST-0421,CURRENT,INR,68155.25,ACTIVE,2024-05-17 00:00:00
ACC-1452,CUST-0732,SAVINGS,INR,357285.38,ACTIVE,2025-12-27 00:00:00
ACC-1453,CUST-0499,CURRENT,INR,104513.19,ACTIVE,2025-06-06 00:00:00
ACC-1454,CUST-0357,SAVINGS,INR,133506.04,ACTIVE,2024-12-05 00:00:00
ACC-1455,CUST-0407,LOAN,INR,259895.64,ACTIVE,2024-04-20 00:00:00
ACC-1456,CUST-0180,LOAN,INR,124696.32,ACTIVE,2024-06-08 00:00:00
ACC-1457,CUST-0461,CREDIT_CARD,INR,232454.12,ACTIVE,2026-01-17 00:00:00
ACC-1458,CUST-0563,CURRENT,INR,498450.61,ACTIVE,2025-05-01 00:00:00
ACC-1459,CUST-0161,SAVINGS,INR,448298.21,ACTIVE,2024-12-07 00:00:00
ACC-1460,CUST-0817,LOAN,INR,224839.08,ACTIVE,2025-03-18 00:00:00
ACC-1461,CUST-0199,CURRENT,INR,198905.85,ACTIVE,2025-05-06 00:00:00
ACC-1462,CUST-0473,SAVINGS,INR,329461.37,ACTIVE,2024-08-17 00:00:00
ACC-1463,CUST-0833,LOAN,INR,101298.92,ACTIVE,2025-08-01 00:00:00
ACC-1464,CUST-0116,CURRENT,INR,113792.59,ACTIVE,2025-05-22 00:00:00
ACC-1465,CUST-0301,SAVINGS,INR,68135.88,ACTIVE,2025-04-08 00:00:00
ACC-1466,CUST-0565,CREDIT_CARD,INR,284470.89,ACTIVE,2026-04-05 00:00:00
ACC-1467,CUST-0738,CREDIT_CARD,INR,402903.54,ACTIVE,2024-05-08 00:00:00
ACC-1468,CUST-0822,LOAN,INR,197535.37,ACTIVE,2025-05-13 00:00:00
ACC-1469,CUST-0427,SAVINGS,INR,232502.15,ACTIVE,2025-08-23 00:00:00
ACC-1470,CUST-0308,CREDIT_CARD,INR,268488.68,ACTIVE,2026-03-27 00:00:00
ACC-1471,CUST-0739,CREDIT_CARD,INR,369697.96,ACTIVE,2025-04-18 00:00:00
ACC-1472,CUST-0317,CREDIT_CARD,INR,339643.53,ACTIVE,2025-06-25 00:00:00
ACC-1473,CUST-0996,SAVINGS,INR,90935.49,ACTIVE,2026-02-08 00:00:00
ACC-1474,CUST-0148,LOAN,INR,385934.89,ACTIVE,2026-01-27 00:00:00
ACC-1475,CUST-0078,CREDIT_CARD,INR,106107.71,ACTIVE,2024-05-25 00:00:00
ACC-1476,CUST-0663,CURRENT,INR,176059.01,ACTIVE,2024-05-03 00:00:00
ACC-1477,CUST-0740,CURRENT,INR,87947.15,ACTIVE,2024-12-30 00:00:00
ACC-1478,CUST-0339,SAVINGS,INR,432236.41,ACTIVE,2024-10-07 00:00:00
ACC-1479,CUST-0037,CURRENT,INR,104824.37,ACTIVE,2025-03-05 00:00:00
ACC-1480,CUST-0065,SAVINGS,INR,127343.91,ACTIVE,2025-04-19 00:00:00
ACC-1481,CUST-0858,CURRENT,INR,124868.22,ACTIVE,2024-10-07 00:00:00
ACC-1482,CUST-0468,SAVINGS,INR,469447.5,ACTIVE,2024-04-27 00:00:00
ACC-1483,CUST-0202,LOAN,INR,475403.72,ACTIVE,2025-12-04 00:00:00
ACC-1484,CUST-0203,CURRENT,INR,319793.42,ACTIVE,2024-12-29 00:00:00
ACC-1485,CUST-0286,CURRENT,INR,161556.35,ACTIVE,2024-12-03 00:00:00
ACC-1486,CUST-0782,SAVINGS,INR,82675.7,ACTIVE,2026-01-18 00:00:00
ACC-1487,CUST-0245,LOAN,INR,474293.72,ACTIVE,2026-03-07 00:00:00
ACC-1488,CUST-0825,LOAN,INR,475209.63,ACTIVE,2025-06-26 00:00:00
ACC-1489,CUST-0042,CURRENT,INR,338020.38,ACTIVE,2024-09-20 00:00:00
ACC-1490,CUST-0822,CREDIT_CARD,INR,19790.42,ACTIVE,2025-01-16 00:00:00
ACC-1491,CUST-0868,LOAN,INR,28365.54,ACTIVE,2025-03-13 00:00:00
ACC-1492,CUST-0791,SAVINGS,INR,373347.55,ACTIVE,2025-05-31 00:00:00
ACC-1493,CUST-0114,CURRENT,INR,168659.55,ACTIVE,2024-04-07 00:00:00
ACC-1494,CUST-0382,LOAN,INR,96445.8,ACTIVE,2025-02-12 00:00:00
ACC-1495,CUST-0825,CURRENT,INR,494982.03,ACTIVE,2024-10-24 00:00:00
ACC-1496,CUST-0210,CREDIT_CARD,INR,433330.12,ACTIVE,2025-10-08 00:00:00
ACC-1497,CUST-0840,SAVINGS,INR,349330.53,ACTIVE,2024-12-22 00:00:00
ACC-1498,CUST-0652,LOAN,INR,125349.14,ACTIVE,2025-02-22 00:00:00
ACC-1499,CUST-0667,CURRENT,INR,181694.23,ACTIVE,2024-09-06 00:00:00
ACC-1500,CUST-0895,SAVINGS,INR,130061.56,ACTIVE,2025-11-20 00:00:00
A1029,CUST-1029,CURRENT,INR,40000.0,ACTIVE,2025-12-03 00:00:00
